2008-04-18,2394.52,2412.78,2383.24,2402.97
2008-04-17,2347.32,2348.31,2327.66,2341.83
2008-04-16,2313.42,2352.21,2313.42,2350.11
2008-04-15,2287.43,2291.12,2266.29,2286.04
2008-04-14,2287.02,2296.73,2274.91,2275.82
2008-04-11,2327.70,2328.45,2286.19,2290.24
2008-04-10,2326.78,2363.91,2324.39,2351.70
2008-04-09,2351.94,2353.54,2311.45,2322.12
2008-04-08,2353.58,2359.40,2337.84,2348.76
2008-04-07,2386.62,2390.04,2359.54,2364.83
2008-04-04,2366.91,2391.93,2351.76,2370.98
2008-04-03,2347.91,2373.99,2339.38,2363.30
2008-04-02,2363.42,2381.21,2347.78,2361.40
2008-04-01,2306.51,2362.75,2305.40,2362.75
2008-03-31,2265.15,2289.70,2260.59,2279.10
2008-03-28,2291.32,2304.71,2256.87,2261.18
2008-03-27,2315.04,2315.91,2280.47,2280.83
2008-03-26,2328.62,2331.18,2306.49,2324.36
2008-03-25,2329.16,2346.78,2312.06,2341.05
2008-03-24,2268.20,2336.70,2268.20,2326.75
2008-03-20,2220.50,2258.11,2208.12,2258.11
2008-03-19,2272.12,2280.90,2209.96,2209.96
2008-03-18,2215.61,2268.26,2206.81,2268.26
2008-03-17,2166.94,2200.53,2155.42,2177.01
2008-03-14,2271.21,2277.11,2191.75,2212.49
2008-03-13,2219.28,2272.55,2199.38,2263.61
2008-03-12,2259.97,2282.61,2241.38,2243.87
2008-03-11,2209.65,2255.76,2192.50,2255.76
2008-03-10,2211.14,2216.89,2168.67,2169.34
2008-03-07,2204.48,2242.50,2186.93,2212.49
2008-03-06,2265.67,2272.20,2219.33,2220.50
2008-03-05,2266.49,2290.01,2254.20,2272.81
2008-03-04,2244.21,2266.37,2221.09,2260.28
2008-03-03,2271.26,2275.75,2240.30,2258.60
2008-02-29,2309.06,2311.23,2264.97,2271.48
2008-02-28,2342.56,2352.88,2324.47,2331.57
2008-02-27,2329.16,2363.52,2326.34,2353.78
2008-02-26,2314.42,2361.10,2311.32,2344.99
2008-02-25,2303.41,2333.71,2294.38,2327.48
2008-02-22,2306.61,2308.76,2265.36,2303.35
2008-02-21,2344.08,2353.79,2294.77,2299.78
2008-02-20,2292.82,2331.70,2291.24,2327.10
2008-02-19,2348.98,2352.79,2300.10,2306.20
2008-02-15,2320.58,2329.17,2305.81,2321.80
2008-02-14,2376.22,2376.22,2328.59,2332.54
2008-02-13,2347.22,2373.93,2338.91,2373.93
2008-02-12,2333.31,2349.55,2305.83,2320.04
2008-02-11,2310.75,2326.23,2294.42,2320.06
2008-02-08,2290.50,2318.67,2280.27,2304.85
2008-02-07,2259.62,2318.52,2252.65,2293.03
2008-02-06,2327.18,2338.27,2277.27,2278.75
2008-02-05,2344.81,2359.43,2309.57,2309.57
2008-02-04,2413.42,2413.42,2382.09,2382.85
2008-02-01,2392.58,2419.23,2374.50,2413.36
2008-01-31,2317.11,2403.46,2313.52,2389.86
2008-01-30,2346.36,2396.00,2343.88,2349.00
2008-01-29,2360.43,2362.11,2332.00,2358.06
2008-01-28,2324.85,2349.91,2306.64,2349.91
2008-01-25,2402.80,2408.22,2322.56,2326.20
2008-01-24,2328.86,2361.89,2326.37,2360.92
2008-01-23,2226.77,2320.13,2202.54,2316.41
2008-01-22,2221.20,2318.60,2221.20,2292.27
2008-01-18,2365.56,2384.21,2323.29,2340.02
2008-01-17,2405.74,2416.51,2343.65,2346.90
2008-01-16,2390.56,2429.58,2361.22,2394.59
2008-01-15,2449.04,2455.29,2412.47,2417.59
2008-01-14,2470.87,2483.13,2455.34,2478.30
2008-01-11,2471.86,2473.95,2428.85,2439.94
2008-01-10,2452.12,2503.55,2446.80,2488.52
2008-01-09,2443.85,2474.55,2407.39,2474.55
2008-01-08,2506.97,2527.42,2440.51,2440.51
2008-01-07,2514.15,2521.62,2471.23,2499.46
2008-01-04,2571.08,2571.08,2502.68,2504.65
2008-01-03,2611.96,2624.27,2592.18,2602.68
2008-01-02,2653.91,2661.50,2597.81,2609.63
2007-12-31,2663.78,2668.61,2646.09,2652.28
2007-12-28,2693.36,2697.77,2661.79,2674.46
2007-12-27,2715.02,2717.12,2675.89,2676.79
2007-12-26,2702.82,2727.55,2698.48,2724.41
2007-12-24,2694.35,2715.77,2694.35,2713.50
2007-12-21,2676.85,2691.99,2671.59,2691.99
2007-12-20,2628.12,2640.88,2605.21,2640.86
2007-12-19,2593.33,2609.73,2583.32,2601.01
2007-12-18,2597.59,2604.38,2553.99,2596.03
2007-12-17,2623.23,2626.37,2574.46,2574.46
2007-12-14,2647.68,2671.88,2634.75,2635.74
2007-12-13,2651.45,2670.33,2641.57,2668.49
2007-12-12,2703.26,2712.59,2638.82,2671.14
2007-12-11,2723.09,2734.82,2650.22,2652.35
2007-12-10,2710.73,2727.84,2706.59,2718.95
2007-12-07,2710.33,2711.96,2695.96,2706.16
2007-12-06,2665.87,2709.10,2664.71,2709.03
2007-12-05,2648.96,2671.72,2647.41,2666.36
2007-12-04,2620.34,2636.01,2613.83,2619.83
2007-12-03,2654.91,2667.82,2636.96,2637.13
2007-11-30,2693.61,2696.24,2642.25,2660.96
2007-11-29,2653.36,2675.21,2648.49,2668.13
2007-11-28,2607.33,2667.93,2606.86,2662.91
2007-11-27,2557.98,2585.93,2546.37,2580.80
2007-11-26,2599.82,2613.69,2539.81,2540.99
2007-11-23,2578.99,2601.55,2567.58,2596.60
2007-11-21,2570.53,2597.17,2542.70,2562.15
2007-11-20,2603.53,2633.82,2554.32,2596.81
2007-11-19,2622.44,2628.15,2583.26,2593.38
2007-11-16,2631.81,2640.03,2596.59,2637.24
2007-11-15,2636.27,2652.65,2601.39,2618.51
2007-11-14,2698.03,2698.35,2636.32,2644.32
2007-11-13,2613.37,2673.65,2613.37,2673.65
2007-11-12,2619.41,2643.00,2583.00,2584.13
2007-11-09,2648.96,2668.79,2624.43,2627.94
2007-11-08,2748.40,2753.05,2648.03,2696.00
2007-11-07,2798.45,2810.19,2748.31,2748.76
2007-11-06,2809.81,2825.47,2780.22,2825.18
2007-11-05,2782.80,2807.51,2771.91,2795.18
2007-11-02,2812.79,2817.03,2773.82,2810.38
2007-11-01,2835.00,2835.63,2793.17,2794.83
2007-10-31,2827.80,2861.51,2815.67,2859.12
2007-10-30,2807.32,2828.82,2803.67,2816.71
2007-10-29,2815.16,2825.37,2805.25,2817.44
2007-10-26,2806.52,2810.31,2776.53,2804.19
2007-10-25,2777.59,2787.29,2733.08,2750.86
2007-10-24,2775.33,2781.96,2720.30,2774.76
2007-10-23,2775.52,2799.26,2758.53,2799.26
2007-10-22,2705.86,2755.47,2698.14,2753.93
2007-10-19,2799.32,2799.32,2725.16,2725.16
2007-10-18,2778.31,2803.26,2770.11,2799.31
2007-10-17,2801.66,2803.96,2755.26,2792.67
2007-10-16,2770.03,2781.80,2759.43,2763.91
2007-10-15,2809.17,2811.66,2764.68,2780.05
2007-10-12,2779.79,2806.18,2778.29,2805.68
2007-10-11,2824.55,2834.00,2757.76,2772.20
2007-10-10,2805.44,2813.67,2795.98,2811.61
2007-10-09,2793.95,2806.41,2784.52,2803.91
2007-10-08,2777.72,2787.37,2771.60,2787.37
2007-10-05,2754.68,2784.93,2749.85,2780.32
2007-10-04,2735.39,2735.52,2718.05,2733.57
2007-10-03,2734.32,2746.14,2721.23,2729.43
2007-10-02,2740.65,2747.11,2732.69,2747.11
2007-10-01,2704.25,2743.53,2704.25,2740.99
2007-09-28,2709.65,2716.75,2692.02,2701.50
2007-09-27,2711.82,2712.79,2702.02,2709.59
2007-09-26,2696.53,2709.23,2689.59,2699.03
2007-09-25,2658.53,2683.92,2656.33,2683.45
2007-09-24,2676.42,2692.16,2660.52,2667.95
2007-09-21,2670.75,2678.69,2666.32,2671.22
2007-09-20,2659.58,2669.43,2648.07,2654.29
2007-09-19,2665.89,2683.02,2654.90,2666.48
2007-09-18,2592.96,2651.66,2583.14,2651.66
2007-09-17,2594.04,2596.09,2575.36,2581.66
2007-09-14,2582.15,2603.63,2577.73,2602.18
2007-09-13,2607.13,2612.70,2589.41,2601.06
2007-09-12,2592.83,2612.18,2590.38,2592.07
2007-09-11,2573.28,2598.94,2572.86,2597.47
2007-09-10,2581.78,2588.88,2536.93,2559.11
2007-09-07,2581.48,2584.28,2556.59,2565.70
2007-09-06,2615.74,2620.89,2595.52,2614.32
2007-09-05,2618.28,2621.54,2596.70,2605.95
2007-09-04,2596.38,2644.45,2596.38,2630.24
2007-08-31,2596.19,2603.11,2579.79,2596.36
2007-08-30,2545.08,2587.86,2542.48,2565.30
2007-08-29,2518.82,2563.16,2512.60,2563.16
2007-08-28,2546.39,2548.06,2500.55,2500.64
2007-08-27,2570.41,2573.83,2557.48,2561.25
2007-08-24,2539.65,2576.69,2534.64,2576.69
2007-08-23,2562.41,2565.35,2530.57,2541.70
2007-08-22,2542.99,2554.90,2533.74,2552.80
2007-08-21,2502.31,2529.66,2500.66,2521.30
2007-08-20,2511.07,2516.31,2487.44,2508.59
2007-08-17,2510.38,2524.96,2466.36,2505.03
2007-08-16,2440.91,2460.50,2386.69,2451.07
2007-08-15,2492.76,2520.39,2457.89,2458.83
2007-08-14,2549.26,2552.49,2499.12,2499.12
2007-08-13,2566.60,2572.51,2541.35,2542.24
2007-08-10,2529.54,2569.25,2503.16,2544.89
2007-08-09,2573.03,2615.93,2556.49,2556.49
2007-08-08,2582.60,2627.75,2582.60,2612.98
2007-08-07,2532.78,2577.81,2523.44,2561.60
2007-08-06,2524.87,2547.33,2491.96,2547.33
2007-08-03,2572.92,2575.58,2511.12,2511.25
2007-08-02,2557.59,2579.28,2553.14,2575.98
2007-08-01,2538.50,2557.11,2515.81,2553.87
2007-07-31,2606.32,2607.45,2545.90,2546.27
2007-07-30,2568.14,2592.00,2552.31,2583.28
2007-07-27,2599.87,2608.99,2562.06,2562.24
2007-07-26,2620.75,2632.46,2563.81,2599.34
2007-07-25,2660.19,2665.81,2628.15,2648.17
2007-07-24,2673.70,2682.40,2634.03,2639.86
2007-07-23,2698.49,2705.03,2688.41,2690.58
2007-07-20,2709.99,2710.32,2674.64,2687.60
2007-07-19,2716.66,2724.74,2710.84,2720.04
2007-07-18,2695.28,2699.87,2674.26,2699.49
2007-07-17,2702.10,2719.94,2701.56,2712.29
2007-07-16,2703.40,2712.13,2693.71,2697.33
2007-07-13,2696.96,2707.64,2694.09,2707.00
2007-07-12,2662.76,2701.73,2662.52,2701.73
2007-07-11,2637.12,2652.34,2631.89,2651.79
2007-07-10,2657.87,2662.55,2637.66,2639.16
2007-07-09,2668.99,2672.59,2660.65,2670.02
2007-07-06,2656.30,2667.97,2649.05,2666.51
2007-07-05,2646.30,2658.01,2637.78,2656.65
2007-07-03,2636.71,2644.95,2635.00,2644.95
2007-07-02,2617.39,2632.30,2614.84,2632.30
2007-06-29,2619.94,2626.56,2590.09,2603.23
2007-06-28,2606.14,2624.60,2604.60,2608.37
2007-06-27,2563.83,2605.92,2560.45,2605.35
2007-06-26,2589.22,2590.89,2566.34,2574.16
2007-06-25,2590.59,2605.87,2568.50,2577.08
2007-06-22,2610.36,2612.75,2583.24,2588.96
2007-06-21,2597.65,2618.54,2586.05,2616.96
2007-06-20,2632.20,2634.60,2599.63,2599.96
2007-06-19,2620.31,2631.30,2612.42,2626.76
2007-06-18,2631.34,2631.45,2617.66,2626.60
2007-06-15,2625.33,2630.51,2620.72,2626.71
2007-06-14,2584.14,2604.76,2583.93,2599.41
2007-06-13,2558.47,2582.31,2556.72,2582.31
2007-06-12,2560.41,2576.89,2547.99,2549.77
2007-06-11,2569.64,2584.82,2566.84,2572.15
2007-06-08,2541.14,2573.74,2534.97,2573.54
2007-06-07,2577.37,2585.73,2541.38,2541.38
2007-06-06,2599.56,2599.56,2578.81,2587.18
2007-06-05,2611.16,2613.31,2595.01,2611.23
2007-06-04,2606.05,2619.75,2604.85,2618.29
2007-06-01,2614.01,2626.40,2608.69,2613.92
2007-05-31,2599.47,2607.90,2594.29,2604.52
2007-05-30,2556.17,2592.59,2551.68,2592.59
2007-05-29,2561.04,2576.36,2558.40,2572.06
2007-05-25,2547.41,2560.03,2544.46,2557.19
2007-05-24,2577.21,2585.73,2531.28,2537.92
2007-05-23,2592.62,2600.94,2576.23,2577.05
2007-05-22,2580.04,2593.03,2573.95,2588.02
2007-05-21,2560.93,2587.87,2560.85,2578.79
2007-05-18,2548.07,2559.03,2540.67,2558.45
2007-05-17,2544.32,2547.71,2535.47,2539.38
2007-05-16,2532.71,2547.42,2519.35,2547.42
2007-05-15,2544.67,2557.78,2523.83,2525.29
2007-05-14,2564.05,2568.93,2537.92,2546.44
2007-05-11,2541.66,2562.45,2539.67,2562.22
2007-05-10,2564.80,2570.73,2533.12,2533.74
2007-05-09,2557.63,2579.98,2555.71,2576.34
2007-05-08,2563.18,2571.75,2551.15,2571.75
2007-05-07,2572.64,2580.06,2569.22,2570.95
2007-05-04,2574.50,2577.96,2561.73,2572.15
2007-05-03,2560.85,2569.80,2555.84,2565.46
2007-05-02,2531.96,2562.78,2531.96,2557.84
2007-05-01,2529.95,2532.37,2510.57,2531.53
2007-04-30,2558.05,2558.75,2525.09,2525.09
2007-04-27,2554.48,2562.99,2550.10,2557.21
2007-04-26,2551.49,2560.64,2544.12,2554.46
2007-04-25,2533.54,2551.39,2523.84,2547.89
2007-04-24,2528.39,2529.48,2509.26,2524.54
2007-04-23,2525.77,2531.40,2518.47,2523.67
2007-04-20,2525.23,2532.24,2515.24,2526.39
2007-04-19,2497.22,2515.95,2490.34,2505.35
2007-04-18,2507.34,2518.21,2499.65,2510.50
2007-04-17,2519.12,2522.07,2510.60,2516.95
2007-04-16,2500.55,2519.03,2500.55,2518.33
2007-04-13,2479.69,2491.94,2468.23,2491.94
2007-04-12,2455.72,2480.41,2448.71,2480.32
2007-04-11,2477.76,2478.51,2452.05,2459.31
2007-04-10,2468.13,2479.46,2468.03,2477.61
2007-04-09,2478.02,2478.68,2464.57,2469.18
2007-04-05,2457.65,2471.34,2455.60,2471.34
2007-04-04,2451.94,2461.49,2448.69,2458.69
2007-04-03,2432.30,2456.17,2432.30,2450.33
2007-04-02,2425.36,2427.94,2409.04,2422.26
2007-03-30,2419.91,2432.20,2403.01,2421.64
2007-03-29,2432.50,2433.04,2396.83,2417.88
2007-03-28,2427.19,2434.32,2413.09,2417.10
2007-03-27,2448.92,2450.03,2435.19,2437.43
2007-03-26,2451.60,2455.63,2428.00,2455.63
2007-03-23,2451.83,2459.96,2447.81,2448.93
2007-03-22,2457.06,2457.37,2442.51,2451.74
2007-03-21,2415.54,2455.92,2405.39,2455.92
2007-03-20,2394.82,2412.64,2393.19,2408.21
2007-03-19,2384.66,2399.80,2381.55,2394.41
2007-03-16,2376.82,2385.32,2364.36,2372.66
2007-03-15,2371.02,2382.62,2367.74,2378.70
2007-03-14,2350.94,2371.74,2331.57,2371.74
2007-03-13,2388.86,2395.98,2350.57,2350.57
2007-03-12,2385.14,2404.02,2384.39,2402.29
2007-03-09,2403.13,2404.80,2375.57,2387.55
2007-03-08,2396.55,2402.20,2382.00,2387.73
2007-03-07,2382.65,2388.78,2371.92,2374.64
2007-03-06,2363.15,2390.14,2361.27,2385.14
2007-03-05,2368.00,2377.84,2340.40,2340.68
2007-03-02,2389.86,2401.26,2368.00,2368.00
2007-03-01,2377.18,2419.15,2359.44,2404.21
2007-02-28,2411.89,2431.86,2395.35,2416.15
2007-02-27,2468.74,2470.92,2402.36,2407.86
2007-02-26,2525.04,2525.98,2492.54,2504.52
2007-02-23,2522.53,2522.84,2506.95,2515.10
2007-02-22,2523.36,2531.42,2509.06,2524.94
2007-02-21,2503.54,2518.42,2500.96,2518.42
2007-02-20,2491.75,2514.22,2479.92,2513.04
2007-02-16,2491.48,2497.92,2482.66,2496.31
2007-02-15,2489.84,2498.37,2485.51,2497.10
2007-02-14,2468.04,2494.51,2468.04,2488.38
2007-02-13,2455.25,2464.56,2452.17,2459.88
2007-02-12,2460.63,2460.63,2444.68,2450.38
2007-02-09,2491.65,2496.52,2453.44,2459.82
2007-02-08,2484.50,2492.41,2477.71,2488.67
2007-02-07,2483.73,2495.27,2475.57,2490.50
2007-02-06,2475.78,2478.24,2454.60,2471.49
2007-02-05,2475.03,2481.57,2466.18,2470.60
2007-02-02,2474.19,2478.41,2466.56,2475.88
2007-02-01,2474.08,2481.38,2458.71,2468.38
2007-01-31,2443.33,2471.20,2433.76,2463.93
2007-01-30,2446.66,2451.00,2437.42,2448.64
2007-01-29,2434.64,2451.83,2431.31,2441.09
2007-01-26,2441.10,2443.44,2418.61,2435.49
2007-01-25,2469.27,2470.51,2430.56,2434.24
2007-01-24,2443.01,2466.28,2440.82,2466.28
2007-01-23,2428.26,2447.03,2425.98,2431.41
2007-01-22,2454.50,2454.66,2422.92,2431.07
2007-01-19,2437.63,2453.79,2435.68,2451.31
2007-01-18,2475.33,2475.80,2438.11,2443.21
2007-01-17,2487.89,2496.93,2475.83,2479.42
2007-01-16,2504.56,2508.93,2493.92,2497.78
2007-01-12,2481.72,2502.82,2481.54,2502.82
2007-01-11,2464.89,2489.46,2463.39,2484.85
2007-01-10,2434.04,2461.34,2427.90,2459.33
2007-01-09,2443.26,2449.87,2423.56,2443.83
2007-01-08,2435.25,2445.63,2421.13,2438.20
2007-01-05,2445.07,2445.07,2420.59,2434.25
2007-01-04,2423.82,2460.51,2413.75,2453.43
2007-01-03,2429.72,2454.62,2394.66,2423.16
2006-12-29,2423.03,2437.38,2413.43,2415.29
2006-12-28,2425.32,2432.48,2420.91,2425.57
2006-12-27,2418.78,2432.73,2418.78,2431.22
2006-12-26,2398.22,2414.21,2397.68,2413.51
2006-12-22,2415.98,2416.49,2400.72,2401.18
2006-12-21,2430.14,2433.13,2408.99,2415.85
2006-12-20,2432.00,2443.34,2426.41,2427.61
2006-12-19,2420.08,2437.33,2408.85,2429.55
2006-12-18,2462.43,2470.95,2428.66,2435.57
2006-12-15,2467.36,2470.02,2455.24,2457.20
2006-12-14,2435.75,2461.31,2435.75,2453.85
2006-12-13,2444.12,2444.12,2423.87,2432.41
2006-12-12,2443.03,2444.72,2419.32,2431.60
2006-12-11,2437.36,2453.22,2429.97,2442.86
2006-12-08,2423.67,2447.03,2416.77,2437.36
2006-12-07,2449.64,2454.91,2427.69,2427.69
2006-12-06,2447.54,2451.86,2436.47,2445.86
2006-12-05,2455.70,2459.51,2445.14,2452.38
2006-12-04,2420.92,2455.67,2420.60,2448.39
2006-12-01,2430.75,2434.39,2392.95,2413.21
2006-11-30,2430.75,2441.35,2419.23,2431.77
2006-11-29,2422.91,2436.61,2414.80,2432.23
2006-11-28,2397.32,2414.08,2390.10,2412.61
2006-11-27,2454.17,2454.64,2405.89,2405.92
2006-11-24,2449.73,2468.42,2449.32,2460.26
2006-11-22,2463.21,2467.20,2450.64,2465.98
2006-11-21,2454.65,2456.60,2445.04,2454.84
2006-11-20,2441.16,2457.14,2437.84,2452.72
2006-11-17,2439.63,2445.86,2431.79,2445.86
2006-11-16,2447.09,2453.35,2438.04,2449.06
2006-11-15,2430.14,2452.56,2429.68,2442.75
2006-11-14,2408.05,2430.83,2394.62,2430.66
2006-11-13,2389.52,2408.91,2387.88,2406.38
2006-11-10,2378.26,2389.72,2373.62,2389.72
2006-11-09,2399.28,2401.33,2370.60,2376.01
2006-11-08,2363.92,2393.47,2358.44,2384.94
2006-11-07,2366.01,2391.34,2363.64,2375.88
2006-11-06,2341.66,2371.81,2341.66,2365.95
2006-11-03,2339.04,2343.98,2316.82,2330.79
2006-11-02,2324.48,2339.13,2320.84,2334.02
2006-11-01,2373.49,2375.53,2330.57,2334.35
2006-10-31,2368.75,2374.64,2355.95,2366.71
2006-10-30,2347.21,2371.06,2341.03,2363.77
2006-10-27,2375.17,2377.34,2347.07,2350.62
2006-10-26,2361.09,2379.29,2347.88,2379.10
2006-10-25,2346.77,2359.76,2338.65,2356.59
2006-10-24,2352.49,2356.03,2335.91,2344.84
2006-10-23,2338.15,2364.20,2330.61,2355.56
2006-10-20,2340.94,2349.36,2329.13,2342.30
2006-10-19,2332.54,2345.24,2324.43,2340.94
2006-10-18,2355.42,2362.09,2330.49,2337.15
2006-10-17,2354.07,2354.07,2329.80,2344.95
2006-10-16,2359.19,2368.11,2358.01,2363.84
2006-10-13,2344.70,2360.23,2341.40,2357.29
2006-10-12,2318.28,2346.29,2318.28,2346.18
2006-10-11,2304.67,2322.07,2292.29,2308.27
2006-10-10,2314.12,2319.06,2302.24,2315.43
2006-10-09,2297.82,2317.42,2295.25,2311.77
2006-10-06,2296.15,2306.28,2289.99,2299.99
2006-10-05,2289.53,2306.35,2287.61,2306.34
2006-10-04,2239.88,2290.98,2239.26,2290.95
2006-10-03,2233.01,2251.86,2224.21,2243.65
2006-10-02,2257.00,2262.67,2235.68,2237.60
2006-09-29,2273.30,2273.30,2257.98,2258.43
2006-09-28,2266.93,2273.12,2252.91,2270.02
2006-09-27,2256.17,2271.00,2254.37,2263.39
2006-09-26,2247.72,2261.78,2243.67,2261.34
2006-09-25,2227.37,2253.45,2212.02,2249.07
2006-09-22,2233.55,2233.55,2210.13,2218.93
2006-09-21,2257.54,2261.47,2232.89,2237.75
2006-09-20,2242.11,2257.28,2242.11,2252.89
2006-09-19,2239.86,2239.86,2202.93,2222.37
2006-09-18,2232.99,2247.47,2228.52,2235.75
2006-09-15,2243.28,2247.16,2227.72,2235.59
2006-09-14,2221.73,2230.97,2218.86,2228.73
2006-09-13,2214.80,2229.18,2211.14,2227.67
2006-09-12,2174.61,2217.28,2174.61,2215.82
2006-09-11,2152.12,2180.39,2147.44,2173.25
2006-09-08,2160.02,2168.44,2154.55,2165.79
2006-09-07,2160.05,2174.80,2149.36,2155.29
2006-09-06,2189.70,2190.26,2167.63,2167.84
2006-09-05,2192.94,2207.55,2184.42,2205.70
2006-09-01,2194.56,2198.58,2182.93,2193.16
2006-08-31,2189.17,2193.34,2181.77,2183.75
2006-08-30,2175.07,2188.55,2167.48,2185.73
2006-08-29,2161.96,2173.88,2145.22,2172.30
2006-08-28,2140.52,2164.22,2139.57,2160.70
2006-08-25,2132.17,2152.92,2129.25,2140.29
2006-08-24,2142.34,2144.33,2122.65,2137.11
2006-08-23,2152.91,2160.11,2126.75,2134.66
2006-08-22,2145.31,2162.68,2140.63,2150.02
2006-08-21,2151.91,2153.53,2140.81,2147.75
2006-08-18,2157.14,2165.47,2138.45,2163.95
2006-08-17,2144.30,2168.11,2141.56,2157.61
2006-08-16,2127.06,2149.54,2120.11,2149.54
2006-08-15,2092.49,2115.01,2089.60,2115.01
2006-08-14,2073.01,2092.66,2067.69,2069.04
2006-08-11,2066.23,2066.23,2049.84,2057.71
2006-08-10,2052.98,2076.35,2048.22,2071.74
2006-08-09,2085.56,2097.76,2056.77,2060.28
2006-08-08,2079.52,2083.90,2054.13,2060.85
2006-08-07,2079.45,2079.45,2064.94,2072.50
2006-08-04,2107.83,2119.01,2068.80,2085.05
2006-08-03,2064.56,2099.81,2060.91,2092.34
2006-08-02,2069.91,2089.00,2069.58,2078.81
2006-08-01,2080.34,2080.34,2052.75,2061.99
2006-07-31,2087.86,2098.24,2082.62,2091.47
2006-07-28,2065.28,2094.95,2065.06,2094.14
2006-07-27,2082.57,2093.14,2052.02,2054.47
2006-07-26,2066.46,2083.96,2053.64,2070.46
2006-07-25,2060.38,2080.11,2055.34,2073.90
2006-07-24,2030.49,2061.84,2030.49,2061.84
2006-07-21,2035.26,2035.78,2014.07,2020.39
2006-07-20,2083.83,2084.24,2038.71,2039.42
2006-07-19,2037.68,2086.07,2037.10,2080.71
2006-07-18,2043.18,2052.53,2012.78,2043.22
2006-07-17,2034.76,2050.65,2028.30,2037.72
2006-07-14,2053.88,2056.53,2027.11,2037.35
2006-07-13,2076.39,2090.24,2054.10,2054.11
2006-07-12,2121.71,2128.86,2090.23,2090.24
2006-07-11,2110.42,2129.47,2095.69,2128.86
2006-07-10,2135.96,2142.36,2109.18,2116.93
2006-07-07,2146.89,2155.09,2126.64,2130.06
2006-07-06,2156.30,2168.54,2148.21,2155.09
2006-07-05,2174.69,2190.43,2147.12,2153.34
2006-07-03,2177.91,2190.44,2172.09,2190.43
2006-06-30,2181.47,2183.48,2164.67,2172.09
2006-06-29,2121.50,2174.38,2111.84,2174.38
2006-06-28,2105.94,2112.62,2090.78,2111.84
2006-06-27,2134.58,2139.43,2098.76,2100.25
2006-06-26,2126.46,2135.71,2121.47,2133.67
2006-06-23,2120.30,2137.43,2110.81,2121.47
2006-06-22,2138.97,2141.20,2113.59,2122.98
2006-06-21,2109.22,2152.56,2107.06,2141.20
2006-06-20,2110.92,2126.72,2103.77,2107.06
2006-06-19,2136.60,2138.77,2104.38,2110.42
2006-06-16,2140.51,2144.15,2122.78,2129.95
2006-06-15,2098.37,2147.91,2086.00,2144.15
2006-06-14,2075.55,2091.94,2065.11,2086.00
2006-06-13,2089.88,2108.36,2067.74,2072.47
2006-06-12,2137.47,2138.68,2091.32,2091.32
2006-06-09,2151.92,2163.21,2133.47,2135.06
2006-06-08,2141.59,2151.80,2100.43,2145.32
2006-06-07,2166.58,2184.44,2150.69,2151.80
2006-06-06,2174.28,2176.47,2144.20,2162.78
2006-06-05,2212.35,2219.41,2169.40,2169.62
2006-06-02,2229.84,2233.88,2203.73,2219.41
2006-06-01,2179.82,2219.86,2177.80,2219.86
2006-05-31,2171.46,2185.33,2165.79,2178.88
2006-05-30,2202.57,2202.57,2164.74,2164.74
2006-05-26,2205.90,2210.49,2196.70,2210.37
2006-05-25,2182.43,2198.58,2174.24,2198.24
2006-05-24,2159.83,2179.84,2135.81,2169.17
2006-05-23,2188.38,2199.56,2158.76,2158.76
2006-05-22,2178.15,2184.57,2156.67,2172.86
2006-05-19,2183.34,2198.66,2164.54,2193.88
2006-05-18,2205.37,2212.95,2180.28,2180.32
2006-05-17,2214.90,2222.38,2193.87,2195.80
2006-05-16,2239.00,2243.74,2222.80,2229.13
2006-05-15,2234.01,2245.18,2220.50,2238.52
2006-05-12,2263.97,2264.19,2243.32,2243.78
2006-05-11,2319.08,2319.60,2270.51,2272.70
2006-05-10,2332.82,2338.25,2314.45,2320.74
2006-05-09,2339.71,2343.62,2334.17,2338.25
2006-05-08,2342.41,2352.56,2339.46,2344.99
2006-05-05,2335.96,2344.37,2332.68,2342.57
2006-05-04,2307.38,2326.82,2307.38,2323.90
2006-05-03,2311.20,2312.60,2295.03,2303.97
2006-05-02,2311.73,2313.93,2302.80,2309.84
2006-05-01,2329.79,2334.69,2300.25,2304.79
2006-04-28,2321.61,2337.28,2317.47,2322.57
2006-04-27,2324.63,2361.89,2315.12,2344.95
2006-04-26,2333.57,2342.88,2327.73,2333.63
2006-04-25,2338.54,2338.54,2321.64,2330.30
2006-04-24,2338.78,2338.78,2324.28,2333.38
2006-04-21,2371.65,2371.65,2333.50,2342.86
2006-04-20,2368.74,2375.54,2354.07,2362.55
2006-04-19,2358.87,2370.93,2350.04,2370.88
2006-04-18,2318.27,2357.46,2318.27,2356.14
2006-04-17,2325.56,2332.67,2299.42,2311.16
2006-04-13,2314.32,2333.03,2310.12,2326.11
2006-04-12,2309.39,2318.05,2308.33,2314.68
2006-04-11,2337.88,2339.79,2302.19,2310.35
2006-04-10,2340.39,2343.59,2326.47,2333.27
2006-04-07,2367.32,2375.45,2336.71,2339.02
2006-04-06,2358.92,2366.56,2347.64,2361.17
2006-04-05,2349.82,2361.91,2341.66,2359.75
2006-04-04,2337.95,2350.70,2332.67,2345.36
2006-04-03,2352.24,2357.53,2334.60,2336.74
2006-03-31,2345.53,2348.89,2334.54,2339.79
2006-03-30,2340.23,2353.14,2330.84,2340.82
2006-03-29,2309.94,2344.67,2308.41,2337.78
2006-03-28,2315.61,2327.83,2299.56,2304.46
2006-03-27,2312.47,2319.93,2310.02,2315.58
2006-03-24,2304.74,2316.15,2300.37,2312.82
2006-03-23,2300.17,2305.17,2287.90,2300.15
2006-03-22,2283.39,2305.44,2282.38,2303.35
2006-03-21,2312.90,2332.95,2292.55,2294.23
2006-03-20,2311.93,2317.13,2305.59,2314.11
2006-03-17,2306.17,2310.84,2294.50,2306.48
2006-03-16,2319.11,2323.79,2299.55,2299.56
2006-03-15,2301.17,2312.49,2293.06,2311.84
2006-03-14,2264.25,2296.92,2264.24,2295.90
2006-03-13,2269.44,2280.20,2263.68,2267.03
2006-03-10,2251.81,2266.99,2239.54,2262.04
2006-03-09,2272.26,2279.28,2249.56,2249.72
2006-03-08,2260.87,2275.13,2248.65,2267.46
2006-03-07,2280.08,2280.08,2259.64,2268.38
2006-03-06,2306.66,2309.51,2281.37,2286.03
2006-03-03,2299.10,2324.92,2297.09,2302.60
2006-03-02,2305.53,2316.93,2299.76,2311.11
2006-03-01,2288.15,2315.95,2285.64,2314.64
2006-02-28,2300.96,2305.62,2276.74,2281.39
2006-02-27,2291.48,2313.53,2291.24,2307.18
2006-02-24,2278.27,2287.86,2272.78,2287.04
2006-02-23,2279.59,2293.74,2271.82,2279.32
2006-02-22,2264.69,2287.99,2259.17,2283.17
2006-02-21,2283.52,2284.82,2256.75,2262.96
2006-02-17,2291.73,2291.76,2279.63,2282.36
2006-02-16,2281.88,2294.63,2278.06,2294.63
2006-02-15,2259.04,2277.13,2255.10,2276.43
2006-02-14,2243.54,2266.82,2237.47,2262.17
2006-02-13,2252.04,2254.31,2232.68,2239.81
2006-02-10,2255.77,2266.44,2235.41,2261.88
2006-02-09,2273.77,2284.52,2254.26,2255.87
2006-02-08,2260.22,2268.72,2246.98,2266.98
2006-02-07,2255.94,2265.54,2239.51,2244.96
2006-02-06,2263.12,2265.81,2249.75,2258.80
2006-02-03,2268.43,2274.62,2255.99,2262.58
2006-02-02,2306.57,2308.05,2277.30,2281.57
2006-02-01,2294.11,2311.57,2292.23,2310.56
2006-01-31,2305.82,2311.83,2292.95,2305.82
2006-01-30,2306.24,2313.98,2304.75,2306.78
2006-01-27,2293.37,2314.36,2289.47,2304.23
2006-01-26,2274.85,2284.07,2264.85,2283.00
2006-01-25,2275.30,2275.30,2253.06,2260.65
2006-01-24,2256.13,2269.44,2256.03,2265.25
2006-01-23,2255.31,2256.24,2241.02,2248.47
2006-01-20,2300.36,2300.73,2245.20,2247.70
2006-01-19,2291.69,2311.71,2289.82,2301.81
2006-01-18,2265.50,2285.94,2264.08,2279.64
2006-01-17,2302.56,2305.87,2294.05,2302.69
2006-01-13,2317.74,2321.70,2308.16,2317.04
2006-01-12,2327.17,2330.31,2313.22,2316.69
2006-01-11,2321.41,2332.92,2316.49,2331.36
2006-01-10,2306.22,2320.32,2303.93,2320.32
2006-01-09,2306.18,2322.63,2303.13,2318.69
2006-01-06,2289.21,2306.72,2281.01,2305.62
2006-01-05,2264.93,2277.56,2264.50,2276.87
2006-01-04,2246.96,2265.28,2246.07,2263.46
2006-01-03,2216.53,2249.68,2189.91,2243.74
2005-12-30,2209.03,2209.97,2200.51,2205.32
2005-12-29,2229.60,2232.89,2216.98,2218.16
2005-12-28,2230.36,2233.54,2221.41,2228.94
2005-12-27,2253.05,2259.68,2226.62,2226.89
2005-12-23,2249.41,2254.71,2245.58,2249.42
2005-12-22,2233.79,2247.09,2232.57,2246.49
2005-12-21,2227.53,2241.94,2225.19,2231.66
2005-12-20,2223.56,2231.02,2213.52,2222.42
2005-12-19,2254.64,2256.03,2221.79,2222.74
2005-12-16,2262.08,2263.89,2251.67,2252.48
2005-12-15,2266.05,2267.55,2247.32,2260.63
2005-12-14,2261.94,2270.44,2254.44,2262.59
2005-12-13,2256.60,2271.85,2254.92,2265.00
2005-12-12,2263.97,2266.14,2253.44,2260.95
2005-12-09,2247.28,2258.67,2241.03,2256.73
2005-12-08,2254.80,2261.61,2233.74,2246.46
2005-12-07,2263.29,2264.91,2244.62,2252.01
2005-12-06,2267.76,2278.16,2259.37,2260.76
2005-12-05,2269.07,2269.48,2250.84,2257.64
2005-12-02,2266.17,2273.61,2261.13,2273.37
2005-12-01,2244.85,2269.39,2244.71,2267.17
2005-11-30,2232.50,2243.41,2230.19,2232.82
2005-11-29,2247.70,2253.25,2232.54,2232.71
2005-11-28,2263.55,2264.06,2239.34,2239.37
2005-11-25,2262.43,2264.13,2256.45,2263.01
2005-11-23,2251.37,2269.30,2250.40,2259.98
2005-11-22,2235.30,2257.77,2232.74,2253.56
2005-11-21,2226.62,2242.30,2219.25,2241.67
2005-11-18,2232.36,2234.30,2218.81,2227.07
2005-11-17,2195.48,2220.46,2194.66,2220.46
2005-11-16,2189.46,2191.19,2176.54,2187.93
2005-11-15,2199.39,2204.69,2181.92,2186.74
2005-11-14,2203.79,2206.88,2197.12,2200.95
2005-11-11,2198.26,2205.36,2198.26,2202.47
2005-11-10,2175.02,2196.75,2162.65,2196.68
2005-11-09,2171.23,2182.90,2166.16,2175.81
2005-11-08,2172.37,2180.79,2166.25,2172.07
2005-11-07,2174.25,2182.09,2165.82,2178.24
2005-11-04,2165.10,2172.68,2156.60,2169.43
2005-11-03,2157.30,2169.98,2153.20,2160.22
2005-11-02,2110.95,2144.56,2110.87,2144.31
2005-11-01,2109.89,2121.25,2108.86,2114.05
2005-10-31,2094.37,2125.73,2094.37,2120.30
2005-10-28,2073.85,2089.88,2064.92,2089.88
2005-10-27,2095.85,2098.04,2063.81,2063.81
2005-10-26,2104.02,2121.36,2098.15,2100.05
2005-10-25,2109.55,2116.42,2094.79,2109.45
2005-10-24,2089.51,2115.88,2083.98,2115.83
2005-10-21,2083.84,2091.44,2074.20,2082.21
2005-10-20,2088.04,2096.43,2058.52,2068.11
2005-10-19,2048.66,2091.24,2042.03,2091.24
2005-10-18,2069.32,2072.50,2055.96,2056.00
2005-10-17,2065.54,2071.25,2054.19,2070.30
2005-10-14,2054.50,2064.95,2042.54,2064.83
2005-10-13,2033.86,2051.23,2025.58,2047.22
2005-10-12,2055.44,2064.66,2032.79,2037.47
2005-10-11,2084.38,2085.61,2058.19,2061.09
2005-10-10,2091.68,2093.23,2078.11,2078.92
2005-10-07,2091.12,2097.42,2082.44,2090.35
2005-10-06,2104.92,2110.83,2069.04,2084.08
2005-10-05,2139.16,2139.60,2103.02,2103.02
2005-10-04,2156.26,2167.00,2139.00,2139.36
2005-10-03,2152.70,2162.79,2152.59,2155.43
2005-09-30,2140.17,2151.69,2138.23,2151.69
2005-09-29,2114.97,2141.43,2107.70,2141.22
2005-09-28,2122.19,2127.49,2109.75,2115.40
2005-09-27,2123.65,2125.90,2109.05,2116.42
2005-09-26,2127.90,2132.60,2112.27,2121.46
2005-09-23,2105.37,2121.05,2099.95,2116.84
2005-09-22,2104.39,2114.59,2093.06,2110.78
2005-09-21,2129.65,2129.96,2106.64,2106.64
2005-09-20,2149.44,2162.14,2127.48,2131.33
2005-09-19,2157.37,2159.49,2139.89,2145.26
2005-09-16,2153.75,2160.83,2146.79,2160.35
2005-09-15,2153.75,2155.75,2142.73,2146.15
2005-09-14,2173.62,2174.01,2149.19,2149.33
2005-09-13,2177.95,2185.89,2167.83,2171.75
2005-09-12,2176.47,2186.83,2175.23,2182.83
2005-09-09,2168.90,2177.23,2164.41,2175.51
2005-09-08,2165.72,2173.85,2161.29,2166.03
2005-09-07,2164.14,2172.39,2158.61,2172.03
2005-09-06,2147.31,2167.10,2147.31,2166.86
2005-09-02,2150.52,2152.22,2139.28,2141.07
2005-09-01,2150.03,2157.32,2142.32,2147.90
2005-08-31,2130.81,2152.09,2124.08,2152.09
2005-08-30,2130.88,2132.21,2118.27,2129.76
2005-08-29,2112.44,2139.40,2112.25,2137.65
2005-08-26,2132.97,2133.17,2118.04,2120.77
2005-08-25,2131.30,2138.46,2129.46,2134.37
2005-08-24,2133.17,2156.13,2127.30,2128.91
2005-08-23,2142.29,2145.71,2131.02,2137.25
2005-08-22,2140.95,2151.84,2129.46,2141.41
2005-08-19,2138.74,2143.92,2134.99,2135.56
2005-08-18,2139.40,2146.49,2133.08,2136.08
2005-08-17,2139.36,2153.04,2137.18,2145.15
2005-08-16,2160.97,2161.46,2136.49,2137.06
2005-08-15,2153.71,2173.66,2147.85,2167.04
2005-08-12,2158.94,2161.07,2144.60,2156.90
2005-08-11,2158.30,2174.55,2156.97,2174.55
2005-08-10,2178.07,2185.91,2152.82,2157.81
2005-08-09,2170.44,2181.27,2167.88,2174.19
2005-08-08,2182.99,2185.56,2163.50,2164.39
2005-08-05,2189.42,2195.10,2175.91,2177.91
2005-08-04,2208.33,2209.37,2190.30,2191.32
2005-08-03,2211.09,2219.91,2209.40,2216.81
2005-08-02,2197.79,2219.00,2197.79,2218.15
2005-08-01,2191.49,2201.87,2189.08,2195.38
2005-07-29,2195.47,2201.39,2184.43,2184.83
2005-07-28,2188.29,2198.52,2183.27,2198.44
2005-07-27,2178.73,2187.15,2167.88,2186.22
2005-07-26,2170.60,2181.14,2167.09,2175.99
2005-07-25,2179.04,2186.46,2165.93,2166.74
2005-07-22,2176.14,2182.64,2165.44,2179.74
2005-07-21,2191.77,2193.19,2171.98,2178.60
2005-07-20,2158.97,2191.09,2158.09,2188.57
2005-07-19,2156.77,2173.87,2154.36,2173.18
2005-07-18,2151.84,2153.52,2144.78,2144.87
2005-07-15,2152.70,2160.64,2145.18,2156.78
2005-07-14,2156.56,2164.18,2148.61,2152.82
2005-07-13,2142.60,2146.56,2136.37,2144.11
2005-07-12,2132.51,2149.78,2128.82,2143.15
2005-07-11,2115.98,2135.69,2115.57,2135.43
2005-07-08,2077.90,2113.91,2076.53,2112.88
2005-07-07,2050.71,2076.43,2050.30,2075.66
2005-07-06,2076.90,2084.76,2068.42,2068.65
2005-07-05,2052.10,2079.60,2052.10,2078.75
2005-07-01,2060.97,2064.81,2053.06,2057.37
2005-06-30,2072.05,2076.16,2056.24,2056.96
2005-06-29,2074.44,2076.02,2066.45,2068.89
2005-06-28,2051.77,2072.58,2050.98,2069.89
2005-06-27,2050.30,2054.47,2039.69,2045.20
2005-06-24,2070.33,2071.52,2050.76,2053.27
2005-06-23,2093.91,2106.57,2070.57,2070.66
2005-06-22,2097.05,2102.75,2083.76,2092.03
2005-06-21,2087.63,2095.69,2083.59,2091.07
2005-06-20,2081.05,2096.77,2076.42,2088.13
2005-06-17,2098.33,2098.53,2085.24,2090.11
2005-06-16,2076.27,2089.51,2073.29,2089.15
2005-06-15,2076.73,2079.13,2053.39,2074.92
2005-06-14,2068.04,2074.78,2064.08,2069.04
2005-06-13,2059.96,2078.26,2058.72,2068.96
2005-06-10,2076.25,2076.25,2055.94,2063.00
2005-06-09,2059.58,2077.47,2052.96,2076.91
2005-06-08,2073.21,2074.61,2057.58,2060.18
2005-06-07,2079.06,2095.96,2067.14,2067.16
2005-06-06,2072.36,2078.61,2066.36,2075.76
2005-06-03,2094.18,2095.99,2069.17,2071.43
2005-06-02,2081.69,2097.80,2081.69,2097.80
2005-06-01,2067.23,2095.54,2067.23,2087.86
2005-05-31,2073.92,2076.01,2065.02,2068.22
2005-05-27,2068.53,2076.80,2064.99,2075.73
2005-05-26,2057.99,2072.54,2057.80,2071.24
2005-05-25,2055.78,2055.78,2041.95,2050.12
2005-05-24,2052.28,2062.52,2049.77,2061.62
2005-05-23,2045.69,2062.95,2045.69,2056.65
2005-05-20,2040.63,2046.42,2033.35,2046.42
2005-05-19,2032.09,2042.68,2030.05,2042.58
2005-05-18,2008.63,2034.30,2007.20,2030.65
2005-05-17,1986.16,2004.15,1980.94,2004.15
2005-05-16,1976.38,1994.47,1973.67,1994.43
2005-05-13,1978.28,1990.00,1964.77,1976.78
2005-05-12,1970.80,1982.20,1956.45,1963.88
2005-05-11,1966.06,1972.52,1943.89,1971.55
2005-05-10,1968.08,1971.25,1957.29,1962.77
2005-05-09,1967.74,1979.67,1960.27,1979.67
2005-05-06,1972.66,1973.50,1960.76,1967.35
2005-05-05,1960.38,1969.29,1951.49,1961.80
2005-05-04,1937.79,1963.26,1935.24,1962.23
2005-05-03,1924.78,1944.53,1924.78,1933.07
2005-05-02,1923.23,1933.42,1916.03,1928.65
2005-04-29,1917.64,1921.77,1889.83,1921.65
2005-04-28,1922.03,1927.31,1904.08,1904.18
2005-04-27,1919.42,1937.15,1913.14,1930.43
2005-04-26,1943.75,1958.58,1927.44,1927.44
2005-04-25,1942.02,1954.87,1938.45,1950.78
2005-04-22,1953.58,1953.77,1921.38,1932.19
2005-04-21,1931.85,1962.41,1928.52,1962.41
2005-04-20,1944.64,1945.60,1912.35,1913.76
2005-04-19,1922.82,1933.21,1918.15,1932.36
2005-04-18,1906.43,1921.69,1904.27,1912.92
2005-04-15,1932.96,1940.15,1906.71,1908.15
2005-04-14,1974.18,1975.42,1946.58,1946.71
2005-04-13,2000.46,2001.30,1972.10,1974.37
2005-04-12,1988.33,2007.24,1970.01,2005.40
2005-04-11,2004.16,2006.24,1991.21,1992.12
2005-04-08,2018.42,2021.82,1999.33,1999.35
2005-04-07,1999.61,2018.79,1998.14,2018.79
2005-04-06,2004.25,2017.08,1996.91,1999.14
2005-04-05,1994.38,2002.35,1991.88,1999.32
2005-04-04,1983.81,1995.80,1972.07,1991.07
2005-04-01,2009.09,2014.73,1982.19,1984.81
2005-03-31,2005.71,2006.62,1994.80,1999.23
2005-03-30,1980.07,2005.67,1980.07,2005.67
2005-03-29,1990.27,2002.65,1968.58,1973.88
2005-03-28,1998.76,2005.49,1992.52,1992.52
2005-03-24,1997.48,2008.63,1991.06,1991.06
2005-03-23,1985.49,1999.43,1985.22,1990.22
2005-03-22,2007.72,2017.66,1988.86,1989.34
2005-03-21,2008.16,2011.39,1993.76,2007.51
2005-03-18,2018.41,2020.40,1999.98,2007.79
2005-03-17,2016.91,2023.67,2010.52,2016.42
2005-03-16,2028.29,2037.96,2011.67,2015.75
2005-03-15,2057.17,2059.07,2034.41,2034.98
2005-03-14,2043.64,2051.04,2037.41,2051.04
2005-03-11,2063.56,2069.40,2036.41,2041.60
2005-03-10,2065.09,2067.21,2042.02,2059.72
2005-03-09,2070.85,2079.37,2060.23,2061.29
2005-03-08,2087.11,2095.74,2072.59,2073.55
2005-03-07,2073.90,2100.57,2073.82,2090.21
2005-03-04,2071.15,2078.14,2064.93,2070.61
2005-03-03,2073.33,2074.71,2047.92,2058.40
2005-03-02,2060.30,2084.15,2057.22,2067.50
2005-03-01,2057.47,2073.74,2057.19,2071.25
2005-02-28,2058.28,2066.53,2038.77,2051.72
2005-02-25,2050.49,2065.40,2047.23,2065.40
2005-02-24,2028.43,2051.81,2023.00,2051.70
2005-02-23,2039.55,2040.84,2024.64,2031.25
2005-02-22,2046.18,2064.67,2030.17,2030.32
2005-02-18,2065.15,2068.89,2056.20,2058.62
2005-02-17,2088.67,2093.68,2061.34,2061.34
2005-02-16,2082.46,2093.37,2079.37,2087.43
2005-02-15,2083.64,2103.45,2081.46,2089.21
2005-02-14,2076.75,2085.12,2074.81,2082.91
2005-02-11,2048.96,2081.48,2039.72,2076.66
2005-02-10,2058.53,2059.65,2040.04,2053.10
2005-02-09,2088.52,2089.38,2051.00,2052.55
2005-02-08,2082.11,2095.64,2080.42,2086.68
2005-02-07,2086.55,2091.17,2075.41,2082.03
2005-02-04,2056.47,2086.72,2056.29,2086.66
2005-02-03,2065.44,2066.93,2049.25,2057.64
2005-02-02,2074.06,2079.58,2064.20,2075.06
2005-02-01,2063.27,2071.52,2058.66,2068.70
2005-01-31,2053.47,2063.18,2053.47,2062.41
2005-01-28,2052.54,2055.13,2024.36,2035.83
2005-01-27,2042.77,2053.94,2036.09,2047.15
2005-01-26,2034.69,2049.34,2028.19,2046.09
2005-01-25,2022.08,2037.18,2017.58,2019.95
2005-01-24,2040.13,2043.97,2008.68,2008.70
2005-01-21,2053.15,2058.00,2032.88,2034.27
2005-01-20,2056.38,2065.59,2045.88,2045.88
2005-01-19,2105.74,2105.84,2072.20,2073.59
2005-01-18,2081.86,2106.19,2078.04,2106.04
2005-01-14,2079.47,2088.58,2075.47,2087.91
2005-01-13,2093.54,2094.80,2067.94,2070.56
2005-01-12,2089.70,2093.44,2066.79,2092.53
2005-01-11,2089.07,2090.62,2072.62,2079.62
2005-01-10,2087.62,2111.43,2086.66,2097.04
2005-01-07,2099.95,2103.39,2076.69,2088.61
2005-01-06,2098.51,2103.90,2088.03,2090.00
2005-01-05,2102.90,2116.75,2091.24,2091.24
2005-01-04,2158.31,2159.64,2100.56,2107.86
2005-01-03,2184.75,2191.60,2148.72,2152.15
2004-12-31,2178.98,2185.56,2174.63,2175.44
2004-12-30,2177.47,2182.37,2176.40,2178.34
2004-12-29,2170.99,2182.33,2170.99,2177.00
2004-12-28,2156.75,2177.19,2156.53,2177.19
2004-12-27,2168.82,2171.94,2147.59,2154.22
2004-12-23,2153.31,2168.78,2153.31,2160.62
2004-12-22,2145.99,2163.48,2145.18,2157.03
2004-12-21,2134.75,2151.71,2133.34,2150.91
2004-12-20,2142.21,2154.48,2124.22,2127.85
2004-12-17,2142.71,2150.85,2135.05,2135.20
2004-12-16,2159.96,2164.80,2138.81,2146.15
2004-12-15,2159.68,2171.27,2151.31,2162.55
2004-12-14,2145.05,2163.50,2145.05,2159.84
2004-12-13,2141.20,2148.50,2132.19,2148.50
2004-12-10,2121.15,2134.60,2120.33,2128.07
2004-12-09,2109.55,2134.23,2097.86,2129.01
2004-12-08,2118.14,2130.76,2110.57,2126.11
2004-12-07,2154.13,2161.30,2114.65,2114.66
2004-12-06,2145.43,2157.43,2138.21,2151.25
2004-12-03,2153.29,2164.63,2145.72,2147.96
2004-12-02,2133.95,2156.14,2131.65,2143.57
2004-12-01,2104.58,2138.32,2104.58,2138.23
2004-11-30,2104.67,2107.45,2096.81,2096.81
2004-11-29,2110.91,2117.89,2090.35,2106.87
2004-11-26,2101.81,2110.38,2101.81,2101.97
2004-11-24,2091.79,2103.80,2090.20,2102.54
2004-11-23,2082.47,2092.02,2068.98,2084.28
2004-11-22,2066.34,2085.19,2052.80,2085.19
2004-11-19,2100.45,2102.60,2070.63,2070.63
2004-11-18,2096.19,2105.39,2089.48,2104.28
2004-11-17,2090.94,2112.18,2090.72,2099.68
2004-11-16,2087.07,2087.30,2073.35,2078.62
2004-11-15,2082.59,2094.13,2078.84,2094.09
2004-11-12,2065.32,2085.34,2056.41,2085.34
2004-11-11,2041.34,2061.40,2039.74,2061.27
2004-11-10,2039.58,2047.25,2032.37,2034.56
2004-11-09,2039.03,2049.77,2034.41,2043.33
2004-11-08,2038.22,2044.53,2033.79,2039.25
2004-11-05,2035.04,2046.92,2025.63,2038.94
2004-11-04,1998.15,2023.72,1992.07,2023.63
2004-11-03,2014.45,2020.03,1992.70,2004.33
2004-11-02,1981.47,2002.93,1978.64,1984.79
2004-11-01,1975.48,1983.91,1969.32,1979.87
2004-10-29,1974.55,1984.18,1963.83,1974.99
2004-10-28,1963.36,1980.36,1959.57,1975.74
2004-10-27,1928.00,1971.28,1926.25,1969.99
2004-10-26,1915.15,1928.80,1905.49,1928.79
2004-10-25,1911.08,1920.71,1905.91,1914.04
2004-10-22,1952.36,1952.54,1914.39,1915.14
2004-10-21,1940.11,1957.48,1933.00,1953.62
2004-10-20,1920.06,1934.32,1910.83,1932.97
2004-10-19,1944.41,1952.85,1922.60,1922.90
2004-10-18,1909.78,1936.52,1904.50,1936.52
2004-10-15,1907.93,1923.92,1899.33,1911.50
2004-10-14,1920.58,1921.82,1900.77,1903.02
2004-10-13,1944.96,1948.01,1914.46,1920.53
2004-10-12,1913.70,1929.98,1904.11,1925.17
2004-10-11,1924.41,1930.66,1920.76,1928.76
2004-10-08,1940.67,1949.34,1917.72,1919.97
2004-10-07,1967.37,1970.26,1948.03,1948.52
2004-10-06,1953.91,1971.04,1947.24,1971.03
2004-10-05,1950.23,1960.90,1946.86,1955.50
2004-10-04,1954.59,1965.76,1950.17,1952.40
2004-10-01,1909.59,1942.23,1908.57,1942.20
2004-09-30,1892.60,1902.25,1887.68,1896.84
2004-09-29,1870.61,1894.06,1869.95,1893.94
2004-09-28,1865.88,1873.86,1852.59,1869.87
2004-09-27,1871.16,1871.94,1858.88,1859.88
2004-09-24,1888.89,1897.42,1879.48,1879.48
2004-09-23,1887.02,1894.67,1883.32,1886.43
2004-09-22,1910.23,1910.23,1884.85,1885.71
2004-09-21,1913.13,1925.85,1909.43,1921.18
2004-09-20,1903.02,1921.50,1900.24,1908.07
2004-09-17,1907.01,1911.00,1896.67,1910.09
2004-09-16,1898.83,1914.38,1898.36,1904.08
2004-09-15,1908.38,1908.38,1892.08,1896.52
2004-09-14,1909.20,1917.74,1901.77,1915.40
2004-09-13,1900.17,1919.21,1897.73,1910.38
2004-09-10,1870.33,1895.78,1863.46,1894.31
2004-09-09,1858.51,1875.39,1849.37,1869.65
2004-09-08,1855.25,1870.04,1850.05,1850.64
2004-09-07,1856.00,1865.43,1847.48,1858.56
2004-09-03,1857.61,1867.46,1840.94,1844.48
2004-09-02,1848.03,1876.24,1846.95,1873.43
2004-09-01,1833.37,1859.44,1833.33,1850.41
2004-08-31,1837.54,1842.15,1819.62,1838.10
2004-08-30,1855.78,1855.78,1836.47,1836.49
2004-08-27,1855.03,1866.25,1854.77,1862.09
2004-08-26,1855.77,1860.39,1848.88,1852.92
2004-08-25,1836.72,1861.79,1830.30,1860.72
2004-08-24,1846.93,1850.29,1828.51,1836.89
2004-08-23,1843.79,1848.12,1835.11,1838.70
2004-08-20,1819.54,1843.12,1815.92,1838.02
2004-08-19,1825.91,1829.13,1811.68,1819.89
2004-08-18,1787.66,1831.37,1784.60,1831.37
2004-08-17,1792.26,1804.59,1791.95,1795.25
2004-08-16,1759.58,1789.49,1759.58,1782.84
2004-08-13,1762.46,1768.63,1750.82,1757.22
2004-08-12,1770.68,1774.68,1751.95,1752.49
2004-08-11,1778.43,1786.65,1760.50,1782.42
2004-08-10,1782.30,1808.70,1782.26,1808.70
2004-08-09,1782.35,1787.44,1774.48,1774.64
2004-08-06,1805.95,1806.28,1775.57,1776.89
2004-08-05,1856.99,1859.77,1820.21,1821.63
2004-08-04,1850.78,1864.80,1842.20,1855.06
2004-08-03,1887.14,1887.57,1859.17,1859.42
2004-08-02,1874.93,1893.13,1869.66,1892.09
2004-07-30,1878.54,1896.31,1876.31,1887.36
2004-07-29,1871.54,1885.01,1867.62,1881.06
2004-07-28,1861.37,1869.00,1832.12,1858.26
2004-07-27,1844.28,1872.17,1843.04,1869.10
2004-07-26,1852.42,1860.12,1829.06,1839.02
2004-07-23,1874.46,1874.46,1846.55,1849.09
2004-07-22,1872.43,1892.98,1853.58,1889.06
2004-07-21,1933.02,1933.03,1874.37,1874.37
2004-07-20,1886.69,1917.07,1885.80,1917.07
2004-07-19,1889.06,1893.80,1870.14,1883.83
2004-07-16,1926.19,1926.19,1882.93,1883.15
2004-07-15,1920.14,1925.76,1910.13,1912.71
2004-07-14,1913.73,1937.68,1908.98,1914.88
2004-07-13,1940.31,1945.17,1930.59,1931.66
2004-07-12,1936.17,1941.24,1921.40,1936.92
2004-07-09,1946.49,1961.11,1940.22,1946.33
2004-07-08,1951.79,1964.48,1934.57,1935.32
2004-07-07,1961.22,1976.92,1960.78,1966.08
2004-07-06,1994.70,1995.40,1958.69,1963.43
2004-07-02,2014.09,2014.74,1996.61,2006.66
2004-07-01,2045.53,2045.53,2006.67,2015.55
2004-06-30,2038.34,2055.65,2031.88,2047.79
2004-06-29,2017.35,2037.60,2017.35,2034.93
2004-06-28,2038.98,2039.93,2013.73,2019.82
2004-06-25,2016.74,2033.87,2015.57,2025.47
2004-06-24,2020.11,2032.21,2013.78,2015.57
2004-06-23,1992.05,2023.23,1990.78,2020.98
2004-06-22,1975.51,1994.87,1964.53,1994.15
2004-06-21,1990.82,1995.06,1972.43,1974.38
2004-06-18,1977.77,2000.41,1973.91,1986.73
2004-06-17,1993.69,1993.93,1976.25,1983.67
2004-06-16,1997.10,2002.07,1990.57,1998.23
2004-06-15,1982.41,2006.58,1982.41,1995.60
2004-06-14,1987.75,1987.83,1963.48,1969.99
2004-06-10,1996.80,2000.99,1988.89,1999.87
2004-06-09,2015.04,2019.22,1989.99,1990.61
2004-06-08,2010.72,2023.54,2008.30,2023.53
2004-06-07,1991.67,2020.62,1991.42,2020.62
2004-06-04,1982.65,1995.50,1978.04,1978.62
2004-06-03,1983.86,1983.86,1960.26,1960.26
2004-06-02,1995.18,1998.32,1978.71,1988.98
2004-06-01,1978.52,1991.29,1972.71,1990.77
2004-05-28,1985.54,1990.81,1976.70,1986.74
2004-05-27,1982.77,1991.87,1969.04,1984.50
2004-05-26,1961.16,1976.16,1957.58,1976.15
2004-05-25,1920.94,1966.68,1913.73,1964.65
2004-05-24,1924.87,1934.41,1915.56,1922.98
2004-05-21,1910.04,1918.08,1899.85,1912.09
2004-05-20,1902.78,1912.02,1890.18,1896.59
2004-05-19,1917.58,1936.04,1898.16,1898.17
2004-05-18,1892.29,1903.39,1890.95,1897.82
2004-05-17,1881.06,1887.74,1865.40,1876.64
2004-05-14,1922.47,1927.25,1897.57,1904.25
2004-05-13,1918.63,1937.87,1914.10,1926.03
2004-05-12,1924.32,1927.23,1878.77,1925.59
2004-05-11,1909.50,1931.48,1909.50,1931.35
2004-05-10,1904.73,1907.98,1880.32,1896.07
2004-05-07,1931.86,1957.24,1917.96,1917.96
2004-05-06,1945.87,1949.55,1923.30,1937.74
2004-05-05,1954.99,1967.33,1948.51,1957.26
2004-05-04,1942.37,1969.97,1933.60,1950.48
2004-05-03,1928.72,1954.62,1926.09,1938.72
2004-04-30,1962.49,1965.89,1919.39,1920.15
2004-04-29,1987.48,1998.50,1946.10,1958.78
2004-04-28,2026.44,2026.44,1985.54,1989.54
2004-04-27,2040.53,2053.57,2027.64,2032.53
2004-04-26,2052.25,2059.08,2031.75,2036.77
2004-04-23,2045.92,2051.75,2034.48,2049.77
2004-04-22,1992.65,2035.39,1991.47,2032.91
2004-04-21,1987.22,1995.91,1973.25,1995.63
2004-04-20,2022.62,2032.41,1978.63,1978.63
2004-04-19,1995.37,2020.45,1991.14,2020.43
2004-04-16,2002.43,2007.17,1982.14,1995.74
2004-04-15,2026.52,2031.84,1989.21,2002.17
2004-04-14,2018.36,2040.15,2013.98,2024.85
2004-04-13,2072.95,2073.42,2026.20,2030.08
2004-04-12,2057.64,2069.45,2057.64,2065.48
2004-04-08,2074.58,2075.33,2046.10,2052.88
2004-04-07,2055.61,2060.44,2038.74,2050.24
2004-04-06,2064.13,2068.27,2053.32,2059.90
2004-04-05,2055.99,2079.12,2054.34,2079.12
2004-04-02,2046.05,2057.17,2037.19,2057.17
2004-04-01,1996.45,2019.09,1996.45,2015.01
2004-03-31,2001.09,2004.00,1985.04,1994.22
2004-03-30,1985.67,2000.68,1981.44,2000.63
2004-03-29,1975.43,1996.23,1975.43,1992.57
2004-03-26,1963.52,1976.76,1960.02,1960.02
2004-03-25,1923.22,1967.17,1923.22,1967.17
2004-03-24,1908.04,1922.51,1896.91,1909.48
2004-03-23,1923.23,1928.61,1898.94,1901.80
2004-03-22,1929.02,1929.28,1897.63,1909.90
2004-03-19,1964.97,1970.15,1940.47,1940.47
2004-03-18,1971.26,1972.31,1947.56,1962.44
2004-03-17,1956.52,1980.31,1956.52,1976.76
2004-03-16,1952.78,1961.99,1927.69,1943.09
2004-03-15,1977.78,1977.78,1939.20,1939.20
2004-03-12,1961.00,1984.73,1959.49,1984.73
2004-03-11,1953.59,1982.58,1943.89,1943.89
2004-03-10,1997.11,2007.25,1963.13,1964.15
2004-03-09,2008.75,2011.83,1987.29,1995.16
2004-03-08,2052.07,2058.25,2008.78,2008.78
2004-03-05,2037.33,2069.02,2034.18,2047.63
2004-03-04,2034.73,2055.12,2031.84,2055.11
2004-03-03,2037.11,2039.31,2020.29,2033.36
2004-03-02,2056.38,2064.40,2039.65,2039.65
2004-03-01,2036.92,2057.80,2032.64,2057.80
2004-02-27,2036.67,2044.77,2018.83,2029.82
2004-02-26,2018.91,2037.17,2012.83,2032.57
2004-02-25,2010.59,2024.20,2007.73,2022.98
2004-02-24,2000.75,2018.07,1991.05,2005.44
2004-02-23,2044.41,2045.10,1999.59,2007.52
2004-02-20,2052.13,2052.36,2022.79,2037.93
2004-02-19,2091.71,2094.92,2045.96,2045.96
2004-02-18,2084.23,2088.51,2072.19,2076.47
2004-02-17,2068.42,2084.72,2068.01,2080.35
2004-02-13,2080.17,2085.71,2049.76,2053.56
2004-02-12,2084.02,2091.22,2072.06,2073.61
2004-02-11,2072.90,2089.66,2064.77,2089.66
2004-02-10,2061.10,2075.33,2060.44,2075.33
2004-02-09,2069.29,2074.27,2060.44,2060.57
2004-02-06,2025.96,2064.01,2025.91,2064.01
2004-02-05,2024.48,2031.39,2012.79,2019.56
2004-02-04,2042.83,2044.68,2013.92,2014.14
2004-02-03,2061.28,2071.44,2057.33,2066.21
2004-02-02,2072.13,2085.49,2053.79,2063.15
2004-01-30,2068.36,2078.88,2058.54,2066.15
2004-01-29,2085.54,2087.33,2041.07,2068.23
2004-01-28,2125.02,2128.00,2073.15,2077.37
2004-01-27,2148.05,2152.75,2116.04,2116.04
2004-01-26,2120.56,2153.83,2115.34,2153.83
2004-01-23,2124.76,2138.41,2108.45,2123.87
2004-01-22,2146.32,2152.12,2119.01,2119.01
2004-01-21,2139.33,2150.11,2120.20,2142.45
2004-01-20,2149.03,2149.85,2130.20,2147.98
2004-01-16,2126.12,2140.47,2119.35,2140.46
2004-01-15,2101.86,2121.61,2088.10,2109.08
2004-01-14,2104.29,2111.73,2094.32,2111.13
2004-01-13,2113.11,2114.91,2080.29,2096.44
2004-01-12,2093.54,2112.52,2085.15,2111.78
2004-01-09,2083.64,2113.33,2077.09,2086.92
2004-01-08,2089.60,2100.25,2078.05,2100.25
2004-01-07,2056.75,2078.09,2047.02,2077.68
2004-01-06,2044.55,2061.54,2039.63,2057.37
2004-01-05,2020.78,2047.36,2020.78,2047.36
2004-01-02,2011.08,2022.37,1999.77,2006.68
2003-12-31,2010.64,2015.23,1996.62,2003.37
2003-12-30,2003.98,2010.13,1997.82,2009.88
2003-12-29,1976.93,2006.48,1976.93,2006.48
2003-12-26,1970.37,1979.74,1970.37,1973.14
2003-12-24,1969.71,1974.31,1964.88,1969.23
2003-12-23,1954.03,1974.78,1952.44,1974.78
2003-12-22,1946.19,1958.74,1941.62,1955.80
2003-12-19,1963.28,1963.28,1939.56,1951.02
2003-12-18,1924.62,1957.68,1924.62,1956.18
2003-12-17,1922.21,1926.00,1910.24,1921.33
2003-12-16,1918.06,1927.09,1901.66,1924.29
2003-12-15,1978.77,1979.78,1918.26,1918.26
2003-12-12,1947.26,1949.02,1931.10,1949.00
2003-12-11,1904.48,1945.92,1903.93,1942.32
2003-12-10,1912.24,1916.00,1887.46,1904.65
2003-12-09,1955.50,1956.97,1906.84,1908.32
2003-12-08,1937.48,1948.94,1926.94,1948.85
2003-12-05,1949.26,1960.39,1935.58,1937.82
2003-12-04,1966.92,1971.25,1942.67,1968.80
2003-12-03,1989.14,2000.92,1960.13,1960.25
2003-12-02,1986.80,1996.08,1978.23,1980.07
2003-12-01,1972.97,1989.82,1968.54,1989.82
2003-11-28,1950.21,1963.06,1950.21,1960.26
2003-11-26,1954.28,1960.31,1930.63,1953.31
2003-11-25,1948.36,1956.20,1942.02,1943.04
2003-11-24,1907.29,1947.14,1907.29,1947.14
2003-11-21,1891.84,1896.41,1878.07,1893.88
2003-11-20,1886.63,1916.55,1880.91,1881.92
2003-11-19,1886.18,1903.43,1880.31,1899.65
2003-11-18,1919.45,1926.00,1881.75,1881.75
2003-11-17,1919.01,1919.23,1890.72,1909.61
2003-11-14,1966.87,1977.79,1930.26,1930.26
2003-11-13,1964.43,1970.40,1956.41,1967.35
2003-11-12,1935.97,1973.11,1935.86,1973.11,
2003-11-11,1938.85,1944.01,1923.50,1930.75,
2003-11-10,1972.10,1973.08,1939.73,1941.64
2003-11-07,1986.56,1992.27,1968.81,1970.74
2003-11-06,1971.27,1977.91,1953.34,1976.37
2003-11-05,1957.00,1966.15,1938.22,1959.37
2003-11-04,1961.45,1971.38,1953.64,1957.97
2003-11-03,1941.31,1969.26,1941.31,1967.70
2003-10-31,1938.22,1942.68,1928.67,1932.21
2003-10-30,1955.59,1957.53,1929.77,1932.69
2003-10-29,1925.61,1937.37,1923.56,1936.56
2003-10-28,1893.28,1932.26,1892.43,1932.26
2003-10-27,1876.03,1890.66,1873.62,1882.91
2003-10-24,1863.32,1866.43,1841.62,1865.59
2003-10-23,1879.12,1893.20,1874.11,1885.51
2003-10-22,1923.33,1923.33,1897.36,1898.07
2003-10-21,1929.31,1944.34,1922.78,1940.90
2003-10-20,1913.79,1925.16,1905.39,1925.14
2003-10-17,1947.20,1949.69,1910.24,1912.36
2003-10-16,1931.99,1951.76,1930.28,1950.14
2003-10-15,1966.38,1966.87,1933.03,1939.10
2003-10-14,1929.52,1943.33,1922.82,1943.19
2003-10-13,1924.06,1940.97,1921.96,1933.53
2003-10-10,1915.52,1921.14,1905.49,1915.31
2003-10-09,1916.95,1936.93,1899.21,1911.90
2003-10-08,1913.64,1914.33,1888.53,1893.78
2003-10-07,1882.92,1907.88,1878.59,1907.85
2003-10-06,1884.64,1894.22,1876.00,1893.46
2003-10-03,1864.54,1891.62,1864.54,1880.57
2003-10-02,1828.94,1842.55,1823.64,1836.22
2003-10-01,1797.07,1832.25,1796.09,1832.25
2003-09-30,1812.81,1812.81,1783.46,1786.94
2003-09-29,1801.55,1824.59,1786.57,1824.56
2003-09-26,1816.75,1821.57,1792.06,1792.07
2003-09-25,1849.39,1856.22,1817.20,1817.24
2003-09-24,1903.81,1904.13,1843.43,1843.70
2003-09-23,1877.44,1901.73,1875.15,1901.72
2003-09-22,1881.42,1881.42,1866.88,1874.62
2003-09-19,1913.74,1913.74,1895.93,1905.70
2003-09-18,1880.91,1910.51,1874.30,1909.55
2003-09-17,1884.18,1894.74,1876.24,1883.10
2003-09-16,1848.41,1887.87,1848.41,1887.25
2003-09-15,1857.12,1861.81,1843.79,1845.70
2003-09-12,1833.97,1855.04,1821.98,1855.03
2003-09-11,1830.44,1852.60,1819.42,1846.09
2003-09-10,1859.21,1859.21,1823.81,1823.81
2003-09-09,1883.00,1886.27,1867.81,1873.43
2003-09-08,1863.88,1888.65,1863.88,1888.62
2003-09-05,1861.29,1879.70,1850.69,1858.24
2003-09-04,1853.12,1870.00,1848.95,1868.97
2003-09-03,1852.47,1863.55,1846.51,1852.90
2003-09-02,1817.92,1841.48,1804.30,1841.48
2003-08-29,1796.10,1813.82,1794.83,1810.45
2003-08-28,1787.77,1800.65,1772.98,1800.18
2003-08-27,1767.78,1783.12,1764.63,1782.13
2003-08-26,1756.08,1771.22,1737.15,1770.65
2003-08-25,1763.78,1768.12,1752.12,1764.31
2003-08-22,1804.81,1812.49,1765.30,1765.32
2003-08-21,1771.39,1783.64,1762.97,1777.55
2003-08-20,1749.08,1768.52,1747.01,1760.54
2003-08-19,1747.00,1761.63,1737.37,1761.11
2003-08-18,1707.17,1739.59,1706.93,1739.49
2003-08-15,1697.75,1705.33,1693.88,1702.01
2003-08-14,1688.13,1700.34,1681.52,1700.34
2003-08-13,1693.36,1695.83,1681.31,1686.61
2003-08-12,1666.61,1687.48,1660.66,1687.01
2003-08-11,1646.95,1668.06,1646.59,1661.51
2003-08-08,1659.06,1662.78,1640.88,1644.03
2003-08-07,1651.46,1658.43,1641.74,1652.18
2003-08-06,1664.26,1675.46,1648.42,1652.68
2003-08-05,1710.69,1711.11,1671.04,1673.50,
2003-08-04,1714.84,1723.27,1687.77,1714.06
2003-08-01,1731.63,1733.14,1714.01,1715.62
2003-07-31,1735.47,1757.37,1728.34,1735.02
2003-07-30,1731.57,1733.40,1717.07,1720.91
2003-07-29,1740.27,1744.60,1713.21,1731.37
2003-07-28,1734.68,1740.59,1726.24,1735.36
2003-07-25,1703.58,1730.91,1685.89,1730.70
2003-07-24,1732.19,1740.80,1700.29,1701.42
2003-07-23,1710.82,1720.04,1695.20,1719.18
2003-07-22,1695.02,1710.34,1686.15,1706.10
2003-07-21,1706.15,1706.29,1675.18,1681.41
2003-07-18,1709.09,1714.84,1688.82,1708.50
2003-07-17,1727.76,1729.59,1693.47,1698.02
2003-07-16,1766.35,1767.90,1734.14,1747.97
2003-07-15,1769.95,1771.78,1742.10,1753.21
2003-07-14,1757.43,1776.10,1748.88,1754.82
2003-07-11,1720.98,1737.41,1720.98,1733.93
2003-07-10,1731.35,1735.13,1707.49,1715.86
2003-07-09,1743.66,1758.18,1735.30,1747.46
2003-07-08,1715.99,1747.44,1713.76,1746.46
2003-07-07,1685.41,1721.25,1685.41,1720.71
2003-07-03,1665.95,1683.77,1660.95,1663.46
2003-07-02,1648.13,1678.77,1648.13,1678.73
2003-07-01,1617.30,1641.77,1598.92,1640.13
2003-06-30,1634.86,1643.68,1621.44,1622.80
2003-06-27,1636.03,1653.74,1621.25,1625.26
2003-06-26,1611.31,1636.15,1606.47,1634.01
2003-06-25,1608.50,1629.97,1600.28,1602.66
2003-06-24,1605.69,1622.47,1598.25,1605.61
2003-06-23,1642.33,1643.21,1601.45,1610.75
2003-06-20,1657.31,1660.47,1638.93,1644.72
2003-06-19,1677.05,1686.10,1646.79,1648.64
2003-06-18,1663.03,1685.04,1653.25,1677.14
2003-06-17,1673.10,1674.09,1656.57,1668.44
2003-06-16,1633.80,1667.77,1629.59,1666.58
2003-06-13,1656.61,1660.43,1624.12,1626.49
2003-06-12,1653.05,1661.12,1640.12,1653.62
2003-06-11,1625.00,1647.57,1612.22,1646.02
2003-06-10,1611.17,1627.77,1606.08,1627.67
2003-06-09,1623.00,1625.61,1597.32,1603.97
2003-06-06,1670.03,1684.06,1625.18,1627.42
2003-06-05,1620.79,1646.01,1613.99,1646.01
2003-06-04,1604.84,1638.57,1603.17,1634.65
2003-06-03,1589.72,1603.74,1584.70,1603.56
2003-06-02,1612.10,1620.79,1586.48,1590.75
2003-05-30,1583.23,1599.92,1582.52,1595.91
2003-05-29,1565.38,1591.26,1564.14,1574.95
2003-05-28,1560.11,1571.85,1553.70,1563.24
2003-05-27,1504.87,1558.28,1504.22,1556.69
2003-05-23,1506.64,1514.49,1501.38,1510.09
2003-05-22,1493.39,1512.80,1489.08,1507.55
2003-05-21,1488.27,1490.82,1478.15,1489.87
2003-05-20,1498.05,1505.18,1480.13,1491.09
2003-05-19,1530.38,1536.04,1492.46,1492.77
2003-05-16,1544.84,1550.44,1534.35,1538.53
2003-05-15,1541.43,1552.98,1536.03,1551.38
2003-05-14,1545.88,1549.94,1526.14,1534.90
2003-05-13,1533.14,1548.59,1529.56,1539.68
2003-05-12,1518.52,1544.41,1512.72,1541.40
2003-05-09,1500.65,1520.15,1500.10,1520.15
2003-05-08,1492.49,1504.04,1486.91,1489.69
2003-05-07,1513.48,1523.91,1503.06,1506.76
2003-05-06,1503.42,1531.82,1503.31,1523.71
2003-05-05,1508.31,1519.70,1502.66,1504.04
2003-05-02,1470.09,1504.22,1469.84,1502.88
2003-05-01,1463.00,1478.85,1451.32,1472.56
2003-04-30,1467.84,1472.69,1459.04,1464.31
2003-04-29,1468.03,1482.49,1459.48,1471.30
2003-04-28,1437.86,1465.40,1435.35,1462.24
2003-04-25,1451.13,1452.17,1432.02,1434.54
2003-04-24,1453.23,1465.92,1448.05,1457.23
2003-04-23,1453.95,1468.08,1447.65,1466.16
2003-04-22,1417.00,1452.34,1414.40,1451.36
2003-04-21,1425.96,1432.08,1413.71,1424.37
2003-04-17,1395.62,1425.50,1393.13,1425.50
2003-04-16,1411.70,1418.52,1391.99,1394.72
2003-04-15,1381.67,1394.03,1376.03,1391.01
2003-04-14,1361.35,1386.50,1359.32,1384.95
2003-04-11,1379.48,1387.33,1353.74,1358.85
2003-04-10,1359.43,1368.11,1351.10,1365.61
2003-04-09,1385.28,1393.37,1356.60,1356.74
2003-04-08,1388.53,1392.52,1376.60,1382.94
2003-04-07,1425.23,1430.11,1389.51,1389.51
2003-04-04,1400.97,1400.97,1378.22,1383.51
2003-04-03,1404.99,1412.08,1389.95,1396.58
2003-04-02,1374.71,1400.86,1374.71,1396.72
2003-04-01,1347.54,1356.37,1338.23,1348.30
2003-03-31,1351.61,1357.00,1336.61,1341.17
2003-03-28,1375.26,1384.82,1367.89,1369.60
2003-03-27,1375.90,1392.46,1369.31,1384.25
2003-03-26,1390.27,1397.94,1383.35,1387.45
2003-03-25,1374.21,1400.14,1369.32,1391.01
2003-03-24,1390.04,1392.40,1368.37,1369.78
2003-03-21,1422.06,1425.73,1403.15,1421.84
2003-03-20,1385.66,1411.41,1371.90,1402.77
2003-03-19,1396.27,1401.24,1378.57,1397.07
2003-03-18,1392.00,1400.55,1378.83,1400.55
2003-03-17,1329.95,1392.41,1326.28,1392.27
2003-03-14,1344.26,1352.84,1329.97,1340.33
2003-03-13,1297.74,1340.78,1290.59,1340.77
2003-03-12,1266.99,1279.59,1253.22,1279.24
2003-03-11,1280.73,1288.99,1269.48,1271.47
2003-03-10,1295.46,1299.55,1277.18,1278.37
2003-03-07,1285.30,1310.53,1280.72,1305.29
2003-03-06,1306.07,1312.61,1299.81,1302.89
2003-03-05,1305.28,1317.69,1302.05,1314.40
2003-03-04,1320.28,1321.89,1307.27,1307.77
2003-03-03,1344.21,1353.31,1316.85,1320.29
2003-02-28,1327.87,1342.73,1325.15,1337.52
2003-02-27,1312.13,1331.79,1305.56,1323.94
2003-02-26,1323.01,1331.47,1302.83,1303.68
2003-02-25,1307.39,1331.35,1291.96,1328.98
2003-02-24,1342.50,1343.09,1321.44,1322.38
2003-02-21,1331.33,1352.07,1316.04,1349.02
2003-02-20,1339.70,1344.29,1329.09,1331.23
2003-02-19,1343.37,1344.59,1322.12,1334.32
2003-02-18,1319.99,1346.92,1319.52,1346.54
2003-02-14,1283.41,1310.37,1279.66,1310.17
2003-02-13,1280.92,1281.32,1261.79,1277.44
2003-02-12,1292.08,1301.11,1278.74,1278.97
2003-02-11,1301.54,1315.04,1285.77,1295.46
2003-02-10,1286.51,1298.57,1275.19,1296.68
2003-02-07,1310.92,1314.52,1278.54,1282.47
2003-02-06,1298.70,1310.51,1291.47,1301.73
2003-02-05,1314.67,1332.82,1299.35,1301.50
2003-02-04,1310.48,1310.48,1292.20,1306.15
2003-02-03,1324.74,1335.76,1318.00,1323.79
2003-01-31,1308.10,1331.04,1303.64,1320.91
2003-01-30,1360.55,1363.08,1322.06,1322.35
2003-01-29,1335.90,1363.31,1320.35,1358.06
2003-01-28,1335.43,1346.50,1321.44,1342.18
2003-01-27,1329.81,1349.83,1320.32,1325.27
2003-01-24,1382.35,1382.35,1340.22,1342.14
2003-01-23,1377.50,1393.67,1365.11,1388.27
2003-01-22,1361.01,1379.61,1358.23,1359.48
2003-01-21,1380.43,1386.71,1364.25,1364.25
2003-01-17,1401.37,1401.37,1376.18,1376.19
2003-01-16,1440.56,1449.13,1420.11,1423.75
2003-01-15,1461.04,1463.99,1435.29,1438.80
2003-01-14,1445.07,1461.12,1442.63,1460.99
2003-01-13,1461.73,1467.35,1436.98,1446.04
2003-01-10,1423.62,1457.45,1418.79,1447.72
2003-01-09,1414.47,1445.09,1414.47,1438.46
2003-01-08,1423.29,1424.12,1399.06,1401.07
2003-01-07,1424.26,1442.26,1416.23,1431.57
2003-01-06,1390.19,1428.65,1390.09,1421.32
2003-01-03,1382.36,1389.44,1374.61,1387.08
2003-01-02,1346.93,1384.91,1336.98,1384.85
2002-12-31,1336.83,1345.11,1327.19,1335.51
2002-12-30,1349.43,1353.38,1329.64,1339.54
2002-12-27,1363.64,1369.21,1346.65,1348.31
2002-12-26,1375.14,1392.58,1363.61,1367.89
2002-12-24,1375.96,1382.93,1372.38,1372.47
2002-12-23,1359.92,1384.29,1358.29,1381.69
2002-12-20,1364.19,1370.79,1358.80,1363.05
2002-12-19,1358.61,1384.58,1346.18,1354.10
2002-12-18,1380.63,1380.63,1355.55,1361.51
2002-12-17,1396.33,1408.16,1385.37,1392.05
2002-12-16,1367.74,1400.49,1365.66,1400.33
2002-12-13,1387.71,1387.71,1362.42,1362.42
2002-12-12,1407.02,1411.69,1388.51,1399.55
2002-12-11,1382.10,1407.15,1377.71,1396.59
2002-12-10,1374.56,1397.84,1373.89,1390.76
2002-12-09,1411.40,1411.40,1367.07,1367.14
2002-12-06,1395.18,1430.39,1391.10,1422.44
2002-12-05,1444.74,1445.95,1410.58,1410.75
2002-12-04,1427.05,1444.18,1412.92,1430.35