<?xml version="1.0" encoding="UTF-8"?>
<ProtocolCommandItems>
    <CommandItem CommandCode="10040001">
        <DataItem DataItemCode="1004000101" Length="1" Format="BIN" BitNumber="0" Description="" DefaultValue="10" IsGroupEnd="0" LowBitBefore="1"/>
        <DataItem DataItemCode="1004000102" Length="1" Format="BIN" BitNumber="0" Description="" DefaultValue="15" IsGroupEnd="0" LowBitBefore="1"/>
        <DataItem DataItemCode="1004000103" Length="1" Format="BIN" BitNumber="0" Description="" DefaultValue="10" IsGroupEnd="0" LowBitBefore="1"/>
        <DataItem DataItemCode="1004000104" Length="1" Format="BIN" BitNumber="0" Description="" DefaultValue="3" IsGroupEnd="0" LowBitBefore="1"/>
        <DataItem DataItemCode="1004000106" Length="1" Format="BS8" BitNumber="0" Description="" DefaultValue="00000111" IsGroupEnd="0" LowBitBefore="1"/>
        <DataItem DataItemCode="1004000107" Length="1" Format="BIN" BitNumber="0" Description="" DefaultValue="15" IsGroupEnd="0" LowBitBefore="1"/>
    </CommandItem>
</ProtocolCommandItems>