<?xml version="1.0" encoding="UTF-8" ?>
<!DOCTYPE mapper
PUBLIC "-//ibatis.apache.org//DTD Mapper 3.0//EN"
"http://ibatis.apache.org/dtd/ibatis-3-mapper.dtd">
<mapper namespace="EiCurv">
	<resultMap id="EiCurvResult" type="org.pssframework.model.statistics.EiCurv">
	</resultMap>
	<!-- 用于select查询公用抽取的列 -->
	<sql id="EiCurvColumns"><![CDATA[m.GP_ID gpId,d.DATA_TIME dataTime,d.ASSET_NO assetNo,
	P_ACT_TOTAL PActTotal, P_ACT_SHARP PActSharp,P_ACT_PEAK PActPeak,P_ACT_LEVEL PActLevel,P_ACT_VALLEY PActValley,
	I_ACT_TOTAL IActTotal, I_ACT_SHARP IActSharp,I_ACT_PEAK IActPeak,I_ACT_LEVEL IActLevel,I_ACT_VALLEY IActValley,
	P_REACT_TOTAL PReactTotal,P_REACT_SHARP PReactSharp, P_REACT_PEAK PReactPeak,P_REACT_LEVEL PReactLevel,P_REACT_VALLEY PReactValley,
	I_REACT_TOTAL IReactTotal,I_REACT_SHARP IReactSharp,I_REACT_PEAK IReactPeak,I_REACT_LEVEL IReactLevel,I_REACT_VALLEY IReactValley
	
	]]></sql>
	<sql id="EiCurvDynamicWhere">
		<!-- ognl访问静态方法的表达式 为@class@method(args),以下为调用rapid中的Ognl.isNotEmpty()方法,还有其它方法如isNotBlank()可以使用，具体请查看Ognl类 -->
		<choose>
			<when test="orgId != null and orgId != 0">and m.org_Id = #{orgId}</when>
		</choose>
		<choose>
			<when test="tgId != null and tgId != -1">and object_Id = #{tgId} and gp_type='2'</when>
		</choose>
		<choose>
			<when test="ddate != null">and d.ddate = to_char(to_date(#{ddate},'yyyy-mm-dd'),'yyyymmdd')</when>
			<otherwise>and d.ddate is null</otherwise>
		</choose>
	</sql>
	<select id="count" resultType="long">
		<![CDATA[select count(1) from D_EI_CURV_C d, v_meter m where m.gp_id= d.gp_id]]>
		<include refid="EiCurvDynamicWhere" />
	</select>
	<!-- 分页查询已经使用Dialect进行分页,也可以不使用Dialect直接编写分页 因为分页查询将传 #offset#,#pageSize#,#lastRows# 三个参数,不同的数据库可以根于此三个参数属性应用不同的分页实现 -->
	<select id="pageSelect" resultMap="EiCurvResult">
		select
		<include refid="EiCurvColumns" />
		<![CDATA[from D_EI_CURV_C d, v_meter m where m.gp_id= d.gp_id ]]>
		<include refid="EiCurvDynamicWhere" />
		<if test="sortColumns != null and sortColumns.length() != 0">order by ${sortColumns}</if>
	</select>
</mapper>