<?xml version="1.0" encoding="UTF-8" ?>
<!DOCTYPE mapper
PUBLIC "-//ibatis.apache.org//DTD Mapper 3.0//EN"
"http://ibatis.apache.org/dtd/ibatis-3-mapper.dtd">
<mapper namespace="FdasDataAnalysis">
    <resultMap id="FdasDataAnalysisResult" type="org.pssframework.model.statistics.FdasDataAnalysis"></resultMap>
    <!-- 用于select查询公用抽取的列 -->
    <sql id="FdasDataAnalysisColumns">
        <![CDATA[
        da.DBJH dbjh, da.XIANGXIAN xiangxian, da.JYRQ jyrq, da.JYSBBM jysbbm, da.AXDL axdl, da.BXDL bxdl, da.CXDL cxdl, da.GLYS glys, da.PJWC pjwc, da.NJWC njwc
        ]]>
    </sql>
    <sql id="FdasDataAnalysisDynamicWhere">
        <!-- ognl访问静态方法的表达式 为@class@method(args),以下为调用rapid中的Ognl.isNotEmpty()方法,还有其它方法如isNotBlank()可以使用，具体请查看Ognl类 -->
        <choose>
            <when test="sdate != null and edate != null"><![CDATA[and da.JYRQ >= to_date(#{sdate},'yyyy-mm-dd') and da.JYRQ < to_date(#{edate},'yyyy-mm-dd') + 1]]></when>
            <otherwise><![CDATA[and da.JYRQ is null]]></otherwise>
        </choose>
    </sql>
    <select id="count" resultType="long">
        <![CDATA[select count(1) from INSPECTIONDATA da where 1 = 1]]>
        <include refid="FdasDataAnalysisDynamicWhere" />
    </select>
    <!-- 分页查询已经使用Dialect进行分页,也可以不使用Dialect直接编写分页 因为分页查询将传 #offset#,#pageSize#,#lastRows# 三个参数,不同的数据库可以根于此三个参数属性应用不同的分页实现 -->
    <select id="pageSelect" resultMap="FdasDataAnalysisResult">
        select
        <include refid="FdasDataAnalysisColumns" />
        <![CDATA[from INSPECTIONDATA da where 1 = 1]]>
        <include refid="FdasDataAnalysisDynamicWhere" />
        <if test="sortColumns != null and sortColumns.length() != 0">order by ${sortColumns}</if>
    </select>
</mapper>