<?xml version="1.0" encoding="UTF-8" ?>
<!DOCTYPE mapper
PUBLIC "-//ibatis.apache.org//DTD Mapper 3.0//EN"
"http://ibatis.apache.org/dtd/ibatis-3-mapper.dtd">
<mapper namespace="ImbStatisDay">
    <resultMap id="ImbStatisDayResult" type="org.pssframework.model.statistics.ImbStatisDay">
    </resultMap>
    <!-- 用于select查询公用抽取的列 -->
    <sql id="ImbStatisDayColumns">
        <![CDATA[
            m.GP_ID gpId, d.DATA_TIME dataTime, d.ASSET_NO assetNo, ECUR_OVER_IMBAL_TIME ecurOverImbalTime, VOLT_OVER_IMBAL_TIME voltOverImbalTime, ECUR_IMBAL_MAX ecurImbalMax, ECUR_IMBAL_MAX_TIME ecurImbalMaxTime, VOLT_IMBAL_MAX voltImbalMax, VOLT_IMBAL_MAX_TIME voltImbalMaxTime
        ]]>
    </sql>
    <sql id="ImbStatisDayDynamicWhere">
        <!-- ognl访问静态方法的表达式 为@class@method(args),以下为调用rapid中的Ognl.isNotEmpty()方法,还有其它方法如isNotBlank()可以使用，具体请查看Ognl类 -->
        <choose>
            <when test="orgId != null and orgId != 0">and m.org_Id = #{orgId}</when>
        </choose>
        <choose>
            <when test="tgId != null and tgId != -1">and object_Id = #{tgId} and gp_type='2'</when>
        </choose>
        <choose>
            <when test="ddate != null">and d.ddate = to_char(to_date(#{ddate},'yyyy-mm-dd'),'yyyymmdd')</when>
            <otherwise>and d.ddate is null</otherwise>
        </choose>
    </sql>
    <select id="count" resultType="long">
        <![CDATA[select count(1) from D_DAY_IMB_STATIS d, v_meter m where m.gp_id= d.gp_id]]>
        <include refid="ImbStatisDayDynamicWhere" />
    </select>
    <!-- 分页查询已经使用Dialect进行分页,也可以不使用Dialect直接编写分页 因为分页查询将传 #offset#,#pageSize#,#lastRows# 三个参数,不同的数据库可以根于此三个参数属性应用不同的分页实现 -->
    <select id="pageSelect" resultMap="ImbStatisDayResult">
        select
        <include refid="ImbStatisDayColumns" />
        <![CDATA[from D_DAY_IMB_STATIS d, v_meter m where m.gp_id= d.gp_id ]]>
        <include refid="ImbStatisDayDynamicWhere" />
        <if test="sortColumns != null and sortColumns.length() != 0">order by ${sortColumns}</if>
    </select>
</mapper>