<?xml version="1.0" encoding="UTF-8" ?>
<!DOCTYPE mapper
PUBLIC "-//ibatis.apache.org//DTD Mapper 3.0//EN"
"http://ibatis.apache.org/dtd/ibatis-3-mapper.dtd">
<mapper namespace="TripRecord">
    <resultMap id="TripRecordResult" type="org.pssframework.model.statistics.TripRecord"></resultMap>
    <!-- 用于select查询公用抽取的列 -->
    <sql id="TripRecordColumns">
        <![CDATA[
        tg_name, asset_no, gp_addr, ddate, post_time, accept_time, trip_result
        ]]>
    </sql>
    <sql id="TripRecordDynamicWhere">
        <!-- ognl访问静态方法的表达式 为@class@method(args),以下为调用rapid中的Ognl.isNotEmpty()方法,还有其它方法如isNotBlank()可以使用，具体请查看Ognl类 -->
        <choose>
            <when test="psId != null"><![CDATA[and PS_ID = #{psId}]]></when>
        </choose>
        <choose>
            <when test="orgId != null and orgId != 0"><![CDATA[and ORG_ID = #{orgId}]]></when>
        </choose>
        <choose>
            <when test="tgId != null and tgId != -1"><![CDATA[and TG_ID = #{tgId}]]></when>
        </choose>
        <choose>
            <when test="sdate != null and edate != null"><![CDATA[and to_date(ddate,'yyyy-mm-dd') >= to_date(#{sdate},'yyyy-mm-dd') and to_date(ddate,'yyyy-mm-dd') < to_date(#{edate},'yyyy-mm-dd') + 1]]></when>
            <otherwise><![CDATA[and ddate is null]]></otherwise>
        </choose>
    </sql>
    <select id="count" resultType="long">
        <![CDATA[select count(1) from V_TRIP_RECORD where 1=1 ]]>
        <include refid="TripRecordDynamicWhere" />
    </select>
    <!-- 分页查询已经使用Dialect进行分页,也可以不使用Dialect直接编写分页 因为分页查询将传 #offset#,#pageSize#,#lastRows# 三个参数,不同的数据库可以根于此三个参数属性应用不同的分页实现 -->
    <select id="pageSelect" resultMap="TripRecordResult">
        select
        <include refid="TripRecordColumns" />
        <![CDATA[from V_TRIP_RECORD  where 1=1 ]]>
        <include refid="TripRecordDynamicWhere" />
        <if test="sortColumns != null and sortColumns.length() != 0">order by ${sortColumns}</if>
    </select>
</mapper>