<?xml version="1.0" encoding="UTF-8" ?>
<!DOCTYPE mapper
PUBLIC "-//ibatis.apache.org//DTD Mapper 3.0//EN"
"http://ibatis.apache.org/dtd/ibatis-3-mapper.dtd">
<mapper namespace="RealTimeReadingInfo">
    <resultMap id="RealTimeReadingInfoResult" type="org.pssframework.model.autorm.RealTimeReadingInfo">
    </resultMap>
    <!-- 用于select查询公用抽取的列 -->
    <sql id="realTimeReadingInfoColumns">
        <!-- 目前只是台区 -->
        <if test="true">tg.tg_no as objNo, tg.tg_name as objName, '2' as objType,</if>
        te.logical_addr as logicalAddr, mp.mp_no as mpNo, gp.gp_sn as gpSn,gp.gp_id as gpId
    </sql>
    <sql id="realTimeReadingInfoDynamicWhere">
        <!-- ognl访问静态方法的表达式 为@class@method(args),以下为调用rapid中的Ognl.isNotEmpty()方法,还有其它方法如isNotBlank()可以使用，具体请查看Ognl类 -->
        <choose>
            <when test="orgId != null and orgId != 0">and tg.org_Id = #{orgId}</when>
        </choose>
        <choose>
            <when test="objId != null and objId != -1">and tg.tg_id = #{objId}</when>
        </choose>
        <choose>
            <when test="logicalAddr != null">and te.logical_addr like '%' || #{logicalAddr} || '%'</when>
        </choose>
    </sql>
    <select id="count" resultType="long">
        <![CDATA[
            select count(1) from g_tg tg, c_term_obj_rela re, c_terminal te, c_gp gp, c_mp mp WHERE tg.tg_id = re.obj_id AND re.obj_type = '2' AND te.term_id = re.term_id AND gp.term_id = re.term_id AND gp.mp_id = mp.mp_id and gp.object_id = tg.tg_id
        ]]>
        <include refid="realTimeReadingInfoDynamicWhere" />
    </select>
    <!-- 分页查询已经使用Dialect进行分页,也可以不使用Dialect直接编写分页 因为分页查询将传 #offset#,#pageSize#,#lastRows# 三个参数,不同的数据库可以根于此三个参数属性应用不同的分页实现 -->
    <select id="pageSelect" resultMap="RealTimeReadingInfoResult">
        select
        <include refid="realTimeReadingInfoColumns" />
        <![CDATA[
            from g_tg tg, c_term_obj_rela re, c_terminal te, c_gp gp, c_mp mp WHERE tg.tg_id = re.obj_id AND re.obj_type = '2' 
             AND te.term_id = re.term_id AND gp.term_id = re.term_id AND gp.mp_id = mp.mp_id and gp.object_id = tg.tg_id
        ]]>
        <include refid="realTimeReadingInfoDynamicWhere" />
        <if test="sortColumns != null and sortColumns.length() != 0"> ${sortColumns}</if>
    </select>
</mapper>