<?xml version="1.0" encoding="utf-8"?>

<!--
  This build file is generated by MiddlegenIDE.
  
  MiddlegenIDE: http://ultimania.org/middlegenide/
-->

<project name="Middlegen Hibernate" default="compile" basedir="../../../.">
   <property file="../../.././build.properties"/>
   <property name="hibernate.cascade"    value="all" />
   <property name="package"              value="org.pssframework.model.statistics" />
   <property name="gen.xdoclet-tag"      value="false" />
   <property name="gui"                  value="true" />
   <property name="jdbc.jar"             value="D:\workspace\powerstation\sourcecode\BS\pss\pssframework-web\lib\ojdbc6.jar" />
   <property name="database.driver"      value="oracle.jdbc.OracleDriver" />
   <property name="lib.dir"              value="/D:/ide/eclipse3.6/dropins/middlegenide_1.3.3/plugins/net.sf.middlegen_2.1.91/lib/" />
   <property name="database.url"         value="jdbc:oracle:thin:@115.238.74.114:1521:pss" />
   <property name="database.userid"      value="pss" />
   <property name="database.password"    value="pss" />
   <property name="database.schema"      value="PSS" />
   <property name="database.catalog"     value="" />
   <property name="dest.dir"             value="src/main/java" />

   <target name="init" depends="prepare,fail-if-no-middlegen,fail-if-no-hibernate,fail-if-no-hibernate-ext">

     <taskdef
        name="middlegen"
        classname="middlegen.MiddlegenTask"
        classpathref="middlegen.classpath"
     />

     <taskdef
        name="hbm2java"
        classname="net.sf.hibernate.tool.hbm2java.Hbm2JavaTask"
        classpathref="hibernate-ext.classpath"
     />

    <mkdir dir="${dest.dir}"/>
   
   </target>

   <target name="prepare">

     <path id="middlegen.classpath">
        <pathelement path="${jdbc.jar}"/>
        <fileset dir="${lib.dir}" includes="*.jar"/>
     </path>

     <path id="hibernate-ext.classpath">
       <fileset dir="${lib.dir}"           includes="*.jar"/>
     </path>

     <available property="middlegen" classname="middlegen.MiddlegenTask" classpathref="middlegen.classpath"/>
     <available property="hibernate" classname="net.sf.hibernate.Hibernate" classpathref="hibernate-ext.classpath"/>
     <available property="hibernate-ext" classname="net.sf.hibernate.tool.hbm2java.Hbm2JavaTask" classpathref="hibernate-ext.classpath"/>


   </target>

   <target name="fail-if-no-middlegen" unless="middlegen">
      <fail>
      Middlegen is not found. Please install Middlegen.
      </fail>
   </target>

   <target name="fail-if-no-hibernate" unless="hibernate">
      <fail>
      Hibernate is not found. Please install Hibernate.
      </fail>
   </target>

   <target name="fail-if-no-hibernate-ext" unless="hibernate-ext">
      <fail>
      Hibernate-Extension is not found. Please install Hibernate-Extenstion.
      </fail>
   </target>
    
   <target name="gen-hbm" depends="init">

    <middlegen
         appname="org.pssframework.model.statistics"
         prefsdir="."
         gui="${gui}"
         databaseurl="${database.url}"
         driver="${database.driver}"
         username="${database.userid}"
         password="${database.password}"
         schema="${database.schema}"
         catalog="${database.catalog}"
      >
         <hibernate
         	version="3.0"
            destination="${dest.dir}"
            package="${package}"
            genXDocletTags="${gen.xdoclet-tag}"
       	    standardCascade="${hibernate.cascade}"
	    javaTypeMapper="middlegen.plugins.hibernate.HibernateJavaTypeMapper"
	 />
	 <table name="D_EC_CURV_C" />
	 <table name="D_EC_CURV_H" />
	 <table name="D_EI_CURV_C" />
	 <table name="D_EI_CURV_H" />
	 <table name="D_EI_FREEZE_DAY" />
	 <table name="D_EI_FREEZE_DAY_H" />
	 <table name="D_POWER_CRUV_C" />
	 <table name="D_POWER_CRUV_H" />
    </middlegen>
  </target>

  <target name="gen-java" depends="gen-hbm">
    <hbm2java output="${dest.dir}">
      <fileset dir="${dest.dir}">
        <include name="**/*.hbm.xml" />
      </fileset>
    </hbm2java>
  </target>

  <target name="compile" depends="gen-java">
  </target>

</project>