<?xml version="1.0" encoding="UTF-8"?>
<xkins>
    <global-processor id="e3tableVelocity" type="net.jcreate.e3.table.skin.processor.VelocityTemplateProcessor"/>
     <skin name="E3001" url="/e3/table/skins/E3001" definition="/Skin.xml" />   
     <skin name="E3001_001" url="/e3/table/skins/E3001_001" definition="/Skin.xml" />   
     <skin name="E3001_002" url="/e3/table/skins/E3001_002" definition="/Skin.xml" />   
     <skin name="E3001_003" url="/e3/table/skins/E3001_003" definition="/Skin.xml" />   
     <skin name="E3001_004" url="/e3/table/skins/E3001_004" definition="/Skin.xml" />   
     <skin name="E3002" url="/e3/table/skins/E3002" definition="/Skin.xml" />   
     <skin name="E3003" url="/e3/table/skins/E3003" definition="/Skin.xml" />   
 </xkins>