<?xml version="1.0" encoding="UTF-8"?>
<!--
修改说明:
1.修改<context:component-scan以确定要加载的controller,默认为com.**.controller
2.修改class=ControllerClassNameHandlerMapping节点的pathPrefix以确定要生成的前缀
-->
<beans xmlns="http://www.springframework.org/schema/beans" xmlns:xsi="http://www.w3.org/2001/XMLSchema-instance"
       xmlns:p="http://www.springframework.org/schema/p" xmlns:context="http://www.springframework.org/schema/context"
       xsi:schemaLocation="
           http://www.springframework.org/schema/beans
           http://www.springframework.org/schema/beans/spring-beans-3.0.xsd
           http://www.springframework.org/schema/context
           http://www.springframework.org/schema/context/spring-context-3.0.xsd"
       default-autowire="byName">

    <!-- 自动搜索@Controller标注的类 -->
    <context:component-scan base-package="org.**.controller"/>
    
    <!--使用如下两个class激活@RequestMapping annotation  -->
    <bean class="org.springframework.web.servlet.mvc.annotation.DefaultAnnotationHandlerMapping"/>
    <bean class="org.springframework.web.servlet.mvc.annotation.AnnotationMethodHandlerAdapter">
	<property name="messageConverters">
	     <list>
  			 <bean class = "org.springframework.http.converter.StringHttpMessageConverter">
   				<property name = "supportedMediaTypes">
   					 <list>
    					 <value>text/plain;charset=UTF-8</value>
    				 </list>
   				</property>
  			 </bean>
 		 </list>
	</property>
	</bean>
    
    <!-- 根据客户端的不同的请求决定不同的view进行响应, 如 /blog/1.json /blog/1.xml -->
    <bean class="org.springframework.web.servlet.view.ContentNegotiatingViewResolver">
        <property name="ignoreAcceptHeader" value="true"/>
        <property name="defaultContentType" value="text/html"/>
        
        <!-- 扩展名至mimeType的映射,即 /user.json => application/json -->
        <property name="mediaTypes">
            <map>
                <entry key="json" value="application/json"/>
                <entry key="xml" value="application/xml"/>
            </map>
        </property>
        <!-- 用于开启 /userinfo/123?format=json 的支持 -->
        <property name="favorParameter" value="false"/>
        <property name="viewResolvers">
            <list>
                <bean class="org.springframework.web.servlet.view.BeanNameViewResolver"/>
                <bean class="org.springframework.web.servlet.view.InternalResourceViewResolver">
                    <property name="viewClass" value="org.springframework.web.servlet.view.JstlView"/>
                    <property name="prefix" value="/pages"/>
                    <property name="suffix" value=".jsp"/>
                </bean>
            </list>
        </property>
        <property name="defaultViews">
            <list>
                <!-- for application/json -->
                <bean class="org.springframework.web.servlet.view.json.MappingJacksonJsonView"/>
                <!-- for application/xml -->
                <bean class="org.springframework.web.servlet.view.xml.MarshallingView">
                    <property name="marshaller">
                        <bean class="org.springframework.oxm.xstream.XStreamMarshaller"/>
                    </property>
                </bean>
            </list>
        </property>
    </bean>
    <bean id="messageSource" class="org.springframework.context.support.ResourceBundleMessageSource" p:basename="i18n/messages"/>
    
    <!-- Mapping exception to the handler view -->
    <bean id="exceptionResolver" class="org.springframework.web.servlet.handler.SimpleMappingExceptionResolver">
        <property name="exceptionMappings">
            <props>
            </props>
        </property>
    </bean>
</beans>
