2008-04-18,2190920000,2402.97
2008-04-17,1779300000,2341.83
2008-04-16,2128770000,2350.11
2008-04-15,1884750000,2286.04
2008-04-14,1626710000,2275.82
2008-04-11,1902540000,2290.24
2008-04-10,2159000000,2351.70
2008-04-09,1922050000,2322.12
2008-04-08,1635290000,2348.76
2008-04-07,1730020000,2364.83
2008-04-04,1977560000,2370.98
2008-04-03,1993480000,2363.30
2008-04-02,1996680000,2361.40
2008-04-01,2160120000,2362.75
2008-03-31,1788360000,2279.10
2008-03-28,1785770000,2261.18
2008-03-27,2038770000,2280.83
2008-03-26,1915210000,2324.36
2008-03-25,2099060000,2341.05
2008-03-24,2312600000,2326.75
2008-03-20,2764480000,2258.11
2008-03-19,2265420000,2209.96
2008-03-18,2411630000,2268.26
2008-03-17,2338210000,2177.01
2008-03-14,2547310000,2212.49
2008-03-13,2419220000,2263.61
2008-03-12,2077140000,2243.87
2008-03-11,2526040000,2255.76
2008-03-10,2101010000,2169.34
2008-03-07,2386980000,2212.49
2008-03-06,2165090000,2220.50
2008-03-05,2209090000,2272.81
2008-03-04,2669980000,2260.28
2008-03-03,2145070000,2258.60
2008-02-29,2405360000,2271.48
2008-02-28,2032040000,2331.57
2008-02-27,2216540000,2353.78
2008-02-26,2263650000,2344.99
2008-02-25,2152880000,2327.48
2008-02-22,2324450000,2303.35
2008-02-21,2277540000,2299.78
2008-02-20,2258180000,2327.10
2008-02-19,1988690000,2306.20
2008-02-15,1999540000,2321.80
2008-02-14,2267580000,2332.54
2008-02-13,2174670000,2373.93
2008-02-12,2183530000,2320.04
2008-02-11,2072270000,2320.06
2008-02-08,2229330000,2304.85
2008-02-07,2946360000,2293.03
2008-02-06,2362020000,2278.75
2008-02-05,2501820000,2309.57
2008-02-04,2050940000,2382.85
2008-02-01,3060180000,2413.36
2008-01-31,2813420000,2389.86
2008-01-30,2618850000,2349.00
2008-01-29,2160040000,2358.06
2008-01-28,2033860000,2349.91
2008-01-25,2599410000,2326.20
2008-01-24,2928900000,2360.92
2008-01-23,3650250000,2316.41
2008-01-22,3161430000,2292.27
2008-01-18,2991360000,2340.02
2008-01-17,2785930000,2346.90
2008-01-16,3397330000,2394.59
2008-01-15,2390120000,2417.59
2008-01-14,2134230000,2478.30
2008-01-11,2355490000,2439.94
2008-01-10,2640400000,2488.52
2008-01-09,2821160000,2474.55
2008-01-08,2566480000,2440.51
2008-01-07,2600100000,2499.46
2008-01-04,2516310000,2504.65
2008-01-03,1970200000,2602.68
2008-01-02,2076690000,2609.63
2007-12-31,1454550000,2652.28
2007-12-28,1338850000,2674.46
2007-12-27,2324820000,2676.79
2007-12-26,1241830000,2724.41
2007-12-24,778620000,2713.50
2007-12-21,2508800000,2691.99
2007-12-20,1960470000,2640.86
2007-12-19,1835920000,2601.01
2007-12-18,1982590000,2596.03
2007-12-17,1873110000,2574.46
2007-12-14,1902390000,2635.74
2007-12-13,2143760000,2668.49
2007-12-12,2311900000,2671.14
2007-12-11,2195200000,2652.35
2007-12-10,1776540000,2718.95
2007-12-07,1855070000,2706.16
2007-12-06,1970680000,2709.03
2007-12-05,2258840000,2666.36
2007-12-04,2044740000,2619.83
2007-12-03,1994710000,2637.13
2007-11-30,2571340000,2660.96
2007-11-29,2157170000,2668.13
2007-11-28,2518580000,2662.91
2007-11-27,2166930000,2580.80
2007-11-26,2019400000,2540.99
2007-11-23,804330000,2596.60
2007-11-21,2034730000,2562.15
2007-11-20,2607370000,2596.81
2007-11-19,2188010000,2593.38
2007-11-16,2515680000,2637.24
2007-11-15,2289480000,2618.51
2007-11-14,2420260000,2644.32
2007-11-13,2662780000,2673.65
2007-11-12,2820740000,2584.13
2007-11-09,2955790000,2627.94
2007-11-08,3461810000,2696.00
2007-11-07,2491180000,2748.76
2007-11-06,2482160000,2825.18
2007-11-05,2092590000,2795.18
2007-11-02,2426050000,2810.38
2007-11-01,2528410000,2794.83
2007-10-31,2534530000,2859.12
2007-10-30,2121930000,2816.71
2007-10-29,2014730000,2817.44
2007-10-26,2583680000,2804.19
2007-10-25,2753360000,2750.86
2007-10-24,2739680000,2774.76
2007-10-23,2335770000,2799.26
2007-10-22,1958710000,2753.93
2007-10-19,2371650000,2725.16
2007-10-18,1973010000,2799.31
2007-10-17,2400080000,2792.67
2007-10-16,2038520000,2763.91
2007-10-15,1967120000,2780.05
2007-10-12,1957790000,2805.68
2007-10-11,2508690000,2772.20
2007-10-10,1916630000,2811.61
2007-10-09,1865120000,2803.91
2007-10-08,1496610000,2787.37
2007-10-05,2012860000,2780.32
2007-10-04,1695520000,2733.57
2007-10-03,1851090000,2729.43
2007-10-02,1740460000,2747.11
2007-10-01,1914080000,2740.99
2007-09-28,1929890000,2701.50
2007-09-27,1745070000,2709.59
2007-09-26,1984010000,2699.03
2007-09-25,1910890000,2683.45
2007-09-24,1848950000,2667.95
2007-09-21,2268300000,2671.22
2007-09-20,1751460000,2654.29
2007-09-19,2183810000,2666.48
2007-09-18,2083620000,2651.66
2007-09-17,1407780000,2581.66
2007-09-14,1586580000,2602.18
2007-09-13,1666510000,2601.06
2007-09-12,1888570000,2592.07
2007-09-11,1743730000,2597.47
2007-09-10,1771430000,2559.11
2007-09-07,1906520000,2565.70
2007-09-06,1795220000,2614.32
2007-09-05,1921820000,2605.95
2007-09-04,1863090000,2630.24
2007-08-31,1536640000,2596.36
2007-08-30,1704910000,2565.30
2007-08-29,1649720000,2563.16
2007-08-28,1562800000,2500.64
2007-08-27,1314030000,2561.25
2007-08-24,1624860000,2576.69
2007-08-23,1622880000,2541.70
2007-08-22,1787060000,2552.80
2007-08-21,1677080000,2521.30
2007-08-20,1656440000,2508.59
2007-08-17,2580340000,2505.03
2007-08-16,3279620000,2451.07
2007-08-15,2259870000,2458.83
2007-08-14,1982860000,2499.12
2007-08-13,2154750000,2542.24
2007-08-10,3202570000,2544.89
2007-08-09,3593450000,2556.49
2007-08-08,3542890000,2612.98
2007-08-07,2704030000,2561.60
2007-08-06,2815560000,2547.33
2007-08-03,2504430000,2511.25
2007-08-02,2456970000,2575.98
2007-08-01,2912270000,2553.87
2007-07-31,2789130000,2546.27
2007-07-30,2291710000,2583.28
2007-07-27,2705290000,2562.24
2007-07-26,3392140000,2599.34
2007-07-25,2482250000,2648.17
2007-07-24,2463270000,2639.86
2007-07-23,2034080000,2690.58
2007-07-20,2335920000,2687.60
2007-07-19,2177500000,2720.04
2007-07-18,2257380000,2699.49
2007-07-17,2158690000,2712.29
2007-07-16,1751060000,2697.33
2007-07-13,1729190000,2707.00
2007-07-12,2166350000,2701.73
2007-07-11,2014260000,2651.79
2007-07-10,2229340000,2639.16
2007-07-09,1895200000,2670.02
2007-07-06,1597110000,2666.51
2007-07-05,1694530000,2656.65
2007-07-03,1089120000,2644.95
2007-07-02,1853840000,2632.30
2007-06-29,2168420000,2603.23
2007-06-28,1923410000,2608.37
2007-06-27,2020260000,2605.35
2007-06-26,2100330000,2574.16
2007-06-25,2039010000,2577.08
2007-06-22,3240350000,2588.96
2007-06-21,2562640000,2616.96
2007-06-20,2793260000,2599.96
2007-06-19,1871880000,2626.76
2007-06-18,1717120000,2626.60
2007-06-15,2420750000,2626.71
2007-06-14,1936220000,2599.41
2007-06-13,2086610000,2582.31
2007-06-12,2047210000,2549.77
2007-06-11,1614980000,2572.15
2007-06-08,1908130000,2573.54
2007-06-07,2716240000,2541.38
2007-06-06,2163430000,2587.18
2007-06-05,2182810000,2611.23
2007-06-04,1947220000,2618.29
2007-06-01,1880030000,2613.92
2007-05-31,2286850000,2604.52
2007-05-30,1969150000,2592.59
2007-05-29,1651000000,2572.06
2007-05-25,1559700000,2557.19
2007-05-24,2350850000,2537.92
2007-05-23,2011060000,2577.05
2007-05-22,1943950000,2588.02
2007-05-21,1974220000,2578.79
2007-05-18,1996930000,2558.45
2007-05-17,1924890000,2539.38
2007-05-16,2061050000,2547.42
2007-05-15,2187760000,2525.29
2007-05-14,1941450000,2546.44
2007-05-11,1725550000,2562.22
2007-05-10,2237610000,2533.74
2007-05-09,2104220000,2576.34
2007-05-08,1897750000,2571.75
2007-05-07,1652300000,2570.95
2007-05-04,2214130000,2572.15
2007-05-03,2137140000,2565.46
2007-05-02,2073150000,2557.84
2007-05-01,2351750000,2531.53
2007-04-30,2080710000,2525.09
2007-04-27,2078160000,2557.21
2007-04-26,2406090000,2554.46
2007-04-25,2644120000,2547.89
2007-04-24,2220610000,2524.54
2007-04-23,1928530000,2523.67
2007-04-20,2084270000,2526.39
2007-04-19,2112920000,2505.35
2007-04-18,2046760000,2510.50
2007-04-17,1900920000,2516.95
2007-04-16,1779410000,2518.33
2007-04-13,1834320000,2491.94
2007-04-12,1905500000,2480.32
2007-04-11,1957970000,2459.31
2007-04-10,1834530000,2477.61
2007-04-09,1714880000,2469.18
2007-04-05,1537800000,2471.34
2007-04-04,1933300000,2458.69
2007-04-03,1932030000,2450.33
2007-04-02,1784170000,2422.26
2007-03-30,1998550000,2421.64
2007-03-29,1926070000,2417.88
2007-03-28,1868310000,2417.10
2007-03-27,1708060000,2437.43
2007-03-26,1817870000,2455.63
2007-03-23,1634470000,2448.93
2007-03-22,1887290000,2451.74
2007-03-21,2158740000,2455.92
2007-03-20,1761940000,2408.21
2007-03-19,1650970000,2394.41
2007-03-16,2031650000,2372.66
2007-03-15,1690430000,2378.70
2007-03-14,2255630000,2371.74
2007-03-13,2235000000,2350.57
2007-03-12,1637980000,2402.29
2007-03-09,1875050000,2387.55
2007-03-08,1989910000,2387.73
2007-03-07,1959330000,2374.64
2007-03-06,2121430000,2385.14
2007-03-05,2291680000,2340.68
2007-03-02,2352790000,2368.00
2007-03-01,2710750000,2404.21
2007-02-28,2620450000,2416.15
2007-02-27,3037380000,2407.86
2007-02-26,1912480000,2504.52
2007-02-23,2012220000,2515.10
2007-02-22,1850960000,2524.94
2007-02-21,2012450000,2518.42
2007-02-20,2165590000,2513.04
2007-02-16,1887430000,2496.31
2007-02-15,1949670000,2497.10
2007-02-14,2173580000,2488.38
2007-02-13,1821390000,2459.88
2007-02-12,1840250000,2450.38
2007-02-09,2186590000,2459.82
2007-02-08,1995880000,2488.67
2007-02-07,2198410000,2490.50
2007-02-06,2113710000,2471.49
2007-02-05,1875310000,2470.60
2007-02-02,1876770000,2475.88
2007-02-01,2170040000,2468.38
2007-01-31,2186710000,2463.93
2007-01-30,1769600000,2448.64
2007-01-29,1915400000,2441.09
2007-01-26,2067080000,2435.49
2007-01-25,2202280000,2434.24
2007-01-24,2202040000,2466.28
2007-01-23,2001100000,2431.41
2007-01-22,1900860000,2431.07
2007-01-19,2037890000,2451.31
2007-01-18,2456180000,2443.21
2007-01-17,2273880000,2479.42
2007-01-16,2139550000,2497.78
2007-01-12,2175810000,2502.82
2007-01-11,2436270000,2484.85
2007-01-10,2274210000,2459.33
2007-01-09,2144160000,2443.83
2007-01-08,1905620000,2438.20
2007-01-05,2060360000,2434.25
2007-01-04,2104210000,2453.43
2007-01-03,2435280000,2423.16
2006-12-29,1413920000,2415.29
2006-12-28,1237530000,2425.57
2006-12-27,1216260000,2431.22
2006-12-26,1016200000,2413.51
2006-12-22,1306530000,2401.18
2006-12-21,1732880000,2415.85
2006-12-20,1749530000,2427.61
2006-12-19,1960720000,2429.55
2006-12-18,1936350000,2435.57
2006-12-15,2324650000,2457.20
2006-12-14,1889510000,2453.85
2006-12-13,1782430000,2432.41
2006-12-12,1927540000,2431.60
2006-12-11,1813340000,2442.86
2006-12-08,1840600000,2437.36
2006-12-07,2051030000,2427.69
2006-12-06,1889000000,2445.86
2006-12-05,1990600000,2452.38
2006-12-04,1954530000,2448.39
2006-12-01,2040520000,2413.21
2006-11-30,2134200000,2431.77
2006-11-29,1903430000,2432.23
2006-11-28,1958630000,2412.61
2006-11-27,1950300000,2405.92
2006-11-24,681510000,2460.26
2006-11-22,1573120000,2465.98
2006-11-21,1660270000,2454.84
2006-11-20,1697480000,2452.72
2006-11-17,1732400000,2445.86
2006-11-16,2038830000,2449.06
2006-11-15,2103870000,2442.75
2006-11-14,1926370000,2430.66
2006-11-13,1720810000,2406.38
2006-11-10,1680460000,2389.72
2006-11-09,2380240000,2376.01
2006-11-08,2076020000,2384.94
2006-11-07,2088770000,2375.88
2006-11-06,1892250000,2365.95
2006-11-03,1830050000,2330.79
2006-11-02,1887310000,2334.02
2006-11-01,2027020000,2334.35
2006-10-31,1922150000,2366.71
2006-10-30,1724180000,2363.77
2006-10-27,2268950000,2350.62
2006-10-26,2339540000,2379.10
2006-10-25,2100780000,2356.59
2006-10-24,1856880000,2344.84
2006-10-23,1823480000,2355.56
2006-10-20,1922070000,2342.30
2006-10-19,2000690000,2340.94
2006-10-18,2130750000,2337.15
2006-10-17,2125950000,2344.95
2006-10-16,1823620000,2363.84
2006-10-13,1940530000,2357.29
2006-10-12,2003960000,2346.18
2006-10-11,1995600000,2308.27
2006-10-10,1760360000,2315.43
2006-10-09,1485280000,2311.77
2006-10-06,1672470000,2299.99
2006-10-05,1911090000,2306.34
2006-10-04,2190280000,2290.95
2006-10-03,1946800000,2243.65
2006-10-02,1769170000,2237.60
2006-09-29,1812120000,2258.43
2006-09-28,1805260000,2270.02
2006-09-27,2039100000,2263.39
2006-09-26,2011140000,2261.34
2006-09-25,1833860000,2249.07
2006-09-22,1646540000,2218.93
2006-09-21,1993110000,2237.75
2006-09-20,2164940000,2252.89
2006-09-19,2079920000,2222.37
2006-09-18,1914200000,2235.75
2006-09-15,2455870000,2235.59
2006-09-14,1826600000,2228.73
2006-09-13,1860530000,2227.67
2006-09-12,2007990000,2215.82
2006-09-11,1694280000,2173.25
2006-09-08,1457220000,2165.79
2006-09-07,1847190000,2155.29
2006-09-06,1797080000,2167.84
2006-09-05,1732460000,2205.70
2006-09-01,1325540000,2193.16
2006-08-31,1700210000,2183.75
2006-08-30,1620030000,2185.73
2006-08-29,1580990000,2172.30
2006-08-28,1333860000,2160.70
2006-08-25,1282510000,2140.29
2006-08-24,1404360000,2137.11
2006-08-23,1457180000,2134.66
2006-08-22,1555940000,2150.02
2006-08-21,1314000000,2147.75
2006-08-18,1683790000,2163.95
2006-08-17,1919020000,2157.61
2006-08-16,2474760000,2149.54
2006-08-15,1755660000,2115.01
2006-08-14,1480120000,2069.04
2006-08-11,1423530000,2057.71
2006-08-10,1730320000,2071.74
2006-08-09,2074060000,2060.28
2006-08-08,1889440000,2060.85
2006-08-07,1428170000,2072.50
2006-08-04,1832040000,2085.05
2006-08-03,1818790000,2092.34
2006-08-02,1755730000,2078.81
2006-08-01,1663070000,2061.99
2006-07-31,1582270000,2091.47
2006-07-28,1803290000,2094.14
2006-07-27,2120100000,2054.47
2006-07-26,2073310000,2070.46
2006-07-25,1913710000,2073.90
2006-07-24,1975870000,2061.84
2006-07-21,2346890000,2020.39
2006-07-20,1951450000,2039.42
2006-07-19,2304740000,2080.71
2006-07-18,1996880000,2043.22
2006-07-17,1504880000,2037.72
2006-07-14,1779960000,2037.35
2006-07-13,2022040000,2054.11
2006-07-12,1776520000,2090.24
2006-07-11,1971500000,2128.86
2006-07-10,1561790000,2116.93
2006-07-07,1759870000,2130.06
2006-07-06,1585090000,2155.09
2006-07-05,1586970000,2153.34
2006-07-03,788200000,2190.43
2006-06-30,2458840000,2172.09
2006-06-29,2165390000,2174.38
2006-06-28,1591310000,2111.84
2006-06-27,1788170000,2100.25
2006-06-26,1392940000,2133.67
2006-06-23,1614510000,2121.47
2006-06-22,1644700000,2122.98
2006-06-21,1854850000,2141.20
2006-06-20,1572100000,2107.06
2006-06-19,1681580000,2110.42
2006-06-16,2428150000,2129.95
2006-06-15,2201490000,2144.15
2006-06-14,2090140000,2086.00
2006-06-13,2594500000,2072.47
2006-06-12,1887720000,2091.32
2006-06-09,1754740000,2135.06
2006-06-08,2948100000,2145.32
2006-06-07,1913870000,2151.80
2006-06-06,2089540000,2162.78
2006-06-05,1733250000,2169.62
2006-06-02,1933380000,2219.41
2006-06-01,2078740000,2219.86
2006-05-31,2119060000,2178.88
2006-05-30,1718660000,2164.74
2006-05-26,1540700000,2210.37
2006-05-25,2028960000,2198.24
2006-05-24,2597020000,2169.17
2006-05-23,2131750000,2158.76
2006-05-22,2269960000,2172.86
2006-05-19,2514380000,2193.88
2006-05-18,2022640000,2180.32
2006-05-17,2337800000,2195.80
2006-05-16,1996620000,2229.13
2006-05-15,2006700000,2238.52
2006-05-12,2289510000,2243.78
2006-05-11,2446770000,2272.70
2006-05-10,2014270000,2320.74
2006-05-09,1845230000,2338.25
2006-05-08,1726260000,2344.99
2006-05-05,1989260000,2342.57
2006-05-04,2054110000,2323.90
2006-05-03,2127260000,2303.97
2006-05-02,2070740000,2309.84
2006-05-01,2076120000,2304.79
2006-04-28,2501760000,2322.57
2006-04-27,2573560000,2344.95
2006-04-26,2084230000,2333.63
2006-04-25,2301780000,2330.30
2006-04-24,2008130000,2333.38
2006-04-21,2326080000,2342.86
2006-04-20,2125120000,2362.55
2006-04-19,2077690000,2370.88
2006-04-18,2252800000,2356.14
2006-04-17,1776170000,2311.16
2006-04-13,1516980000,2326.11
2006-04-12,1536510000,2314.68
2006-04-11,2098780000,2310.35
2006-04-10,1840950000,2333.27
2006-04-07,2002360000,2339.02
2006-04-06,2141860000,2361.17
2006-04-05,2027440000,2359.75
2006-04-04,2082320000,2345.36
2006-04-03,1952960000,2336.74
2006-03-31,1851620000,2339.79
2006-03-30,2160810000,2340.82
2006-03-29,2375300000,2337.78
2006-03-28,1997510000,2304.46
2006-03-27,1850220000,2315.58
2006-03-24,1928040000,2312.82
2006-03-23,1963750000,2300.15
2006-03-22,2116220000,2303.35
2006-03-21,2360430000,2294.23
2006-03-20,1943820000,2314.11
2006-03-17,2540120000,2306.48
2006-03-16,2344240000,2299.56
2006-03-15,2090520000,2311.84
2006-03-14,1911750000,2295.90
2006-03-13,1649550000,2267.03
2006-03-10,1752700000,2262.04
2006-03-09,1957560000,2249.72
2006-03-08,2084040000,2267.46
2006-03-07,1908310000,2268.38
2006-03-06,2112280000,2286.03
2006-03-03,2389040000,2302.60
2006-03-02,2089100000,2311.11
2006-03-01,2190420000,2314.64
2006-02-28,2120560000,2281.39
2006-02-27,1714420000,2307.18
2006-02-24,1583980000,2287.04
2006-02-23,1754200000,2279.32
2006-02-22,1824110000,2283.17
2006-02-21,1747180000,2262.96
2006-02-17,1948640000,2282.36
2006-02-16,1940470000,2294.63
2006-02-15,1783050000,2276.43
2006-02-14,1805300000,2262.17
2006-02-13,1662000000,2239.81
2006-02-10,2017730000,2261.88
2006-02-09,2321310000,2255.87
2006-02-08,2181770000,2266.98
2006-02-07,2117180000,2244.96
2006-02-06,1769530000,2258.80
2006-02-03,2230020000,2262.58
2006-02-02,2307830000,2281.57
2006-02-01,2274610000,2310.56
2006-01-31,2235900000,2305.82
2006-01-30,1900730000,2306.78
2006-01-27,2331690000,2304.23
2006-01-26,2404920000,2283.00
2006-01-25,2188120000,2260.65
2006-01-24,2067470000,2265.25
2006-01-23,1902480000,2248.47
2006-01-20,2348140000,2247.70
2006-01-19,2308150000,2301.81
2006-01-18,2276900000,2279.64
2006-01-17,1702260000,2302.69
2006-01-13,1784410000,2317.04
2006-01-12,2011460000,2316.69
2006-01-11,2380600000,2331.36
2006-01-10,1978160000,2320.32
2006-01-09,1949140000,2318.69
2006-01-06,2233640000,2305.62
2006-01-05,1891750000,2276.87
2006-01-04,1887560000,2263.46
2006-01-03,1998300000,2243.74
2005-12-30,1284050000,2205.32
2005-12-29,1185350000,2218.16
2005-12-28,1221540000,2228.94
2005-12-27,1250500000,2226.89
2005-12-23,978370000,2249.42
2005-12-22,1498880000,2246.49
2005-12-21,1630030000,2231.66
2005-12-20,1702920000,2222.42
2005-12-19,1745530000,2222.74
2005-12-16,2294480000,2252.48
2005-12-15,1804630000,2260.63
2005-12-14,1676210000,2262.59
2005-12-13,1873980000,2265.00
2005-12-12,1679280000,2260.95
2005-12-09,1658570000,2256.73
2005-12-08,1908360000,2246.46
2005-12-07,1733530000,2252.01
2005-12-06,1788200000,2260.76
2005-12-05,1659920000,2257.64
2005-12-02,1758510000,2273.37
2005-12-01,2010420000,2267.17
2005-11-30,1876080000,2232.82
2005-11-29,1753540000,2232.71
2005-11-28,1559380000,2239.37
2005-11-25,635420000,2263.01
2005-11-23,1585710000,2259.98
2005-11-22,1856560000,2253.56
2005-11-21,1661890000,2241.67
2005-11-18,1993850000,2227.07
2005-11-17,1809860000,2220.46
2005-11-16,1721760000,2187.93
2005-11-15,1684810000,2186.74
2005-11-14,1385360000,2200.95
2005-11-11,1454900000,2202.47
2005-11-10,1938030000,2196.68
2005-11-09,1594180000,2175.81
2005-11-08,1599370000,2172.07
2005-11-07,1621120000,2178.24
2005-11-04,1699610000,2169.43
2005-11-03,2346250000,2160.22
2005-11-02,2173290000,2144.31
2005-11-01,1903230000,2114.05
2005-10-31,1869760000,2120.30
2005-10-28,1886560000,2089.88
2005-10-27,1718600000,2063.81
2005-10-26,1832000000,2100.05
2005-10-25,1599120000,2109.45
2005-10-24,1551470000,2115.83
2005-10-21,1770700000,2082.21
2005-10-20,1797930000,2068.11
2005-10-19,1893300000,2091.24
2005-10-18,1460730000,2056.00
2005-10-17,1266030000,2070.30
2005-10-14,1555430000,2064.83
2005-10-13,1777590000,2047.22
2005-10-12,2014750000,2037.47
2005-10-11,1851960000,2061.09
2005-10-10,1379210000,2078.92
2005-10-07,1444780000,2090.35
2005-10-06,2107360000,2084.08
2005-10-05,1923900000,2103.02
2005-10-04,2005300000,2139.36
2005-10-03,1794420000,2155.43
2005-09-30,1610970000,2151.69
2005-09-29,1801520000,2141.22
2005-09-28,1703850000,2115.40
2005-09-27,1658660000,2116.42
2005-09-26,1502410000,2121.46
2005-09-23,1604120000,2116.84
2005-09-22,1692930000,2110.78
2005-09-21,1772370000,2106.64
2005-09-20,1845670000,2131.33
2005-09-19,1604140000,2145.26
2005-09-16,2269030000,2160.35
2005-09-15,1744660000,2146.15
2005-09-14,1698250000,2149.33
2005-09-13,1724570000,2171.75
2005-09-12,1723540000,2182.83
2005-09-09,1617540000,2175.51
2005-09-08,1578070000,2166.03
2005-09-07,1480820000,2172.03
2005-09-06,1403190000,2166.86
2005-09-02,1130450000,2141.07
2005-09-01,1623320000,2147.90
2005-08-31,1631780000,2152.09
2005-08-30,1436400000,2129.76
2005-08-29,1268560000,2137.65
2005-08-26,1261130000,2120.77
2005-08-25,1307580000,2134.37
2005-08-24,1718580000,2128.91
2005-08-23,1341270000,2137.25
2005-08-22,1351650000,2141.41
2005-08-19,1205270000,2135.56
2005-08-18,1391780000,2136.08
2005-08-17,1518010000,2145.15
2005-08-16,1540320000,2137.06
2005-08-15,1380460000,2167.04
2005-08-12,1551410000,2156.90
2005-08-11,1582090000,2174.55
2005-08-10,1817680000,2157.81
2005-08-09,1460470000,2174.19
2005-08-08,1431010000,2164.39
2005-08-05,1471740000,2177.91
2005-08-04,1591380000,2191.32
2005-08-03,1752440000,2216.81
2005-08-02,1735020000,2218.15
2005-08-01,1492680000,2195.38
2005-07-29,1613950000,2184.83
2005-07-28,1683870000,2198.44
2005-07-27,1750070000,2186.22
2005-07-26,1651840000,2175.99
2005-07-25,1523020000,2166.74
2005-07-22,1660360000,2179.74
2005-07-21,2034880000,2178.60
2005-07-20,1957070000,2188.57
2005-07-19,1632670000,2173.18
2005-07-18,1307270000,2144.87
2005-07-15,1534960000,2156.78
2005-07-14,1872310000,2152.82
2005-07-13,1540000000,2144.11
2005-07-12,1657520000,2143.15
2005-07-11,1770800000,2135.43
2005-07-08,1685280000,2112.88
2005-07-07,1617860000,2075.66
2005-07-06,1592080000,2068.65
2005-07-05,1440300000,2078.75
2005-07-01,1176200000,2057.37
2005-06-30,1731500000,2056.96
2005-06-29,1640360000,2068.89
2005-06-28,1584200000,2069.89
2005-06-27,1448300000,2045.20
2005-06-24,2151000000,2053.27
2005-06-23,2009480000,2070.66
2005-06-22,1668440000,2092.03
2005-06-21,1557480000,2091.07
2005-06-20,1408110000,2088.13
2005-06-17,1993280000,2090.11
2005-06-16,1793020000,2089.15
2005-06-15,1672670000,2074.92
2005-06-14,1405850000,2069.04
2005-06-13,1432130000,2068.96
2005-06-10,1449380000,2063.00
2005-06-09,1666670000,2076.91
2005-06-08,1602540000,2060.18
2005-06-07,1846530000,2067.16
2005-06-06,1477150000,2075.76
2005-06-03,1637900000,2071.43
2005-06-02,1746620000,2097.80
2005-06-01,1779710000,2087.86
2005-05-31,1578740000,2068.22
2005-05-27,1237350000,2075.73
2005-05-26,1596460000,2071.24
2005-05-25,1493000000,2050.12
2005-05-24,1695940000,2061.62
2005-05-23,1620130000,2056.65
2005-05-20,1492720000,2046.42
2005-05-19,1700580000,2042.58
2005-05-18,1957880000,2030.65
2005-05-17,1520510000,2004.15
2005-05-16,1390290000,1994.43
2005-05-13,1878980000,1976.78
2005-05-12,1783430000,1963.88
2005-05-11,1716160000,1971.55
2005-05-10,1595520000,1962.77
2005-05-09,1441010000,1979.67
2005-05-06,1511120000,1967.35
2005-05-05,1719880000,1961.80
2005-05-04,1877820000,1962.23
2005-05-03,1868140000,1933.07
2005-05-02,1547750000,1928.65
2005-04-29,2039550000,1921.65
2005-04-28,1861340000,1904.18
2005-04-27,1764210000,1930.43
2005-04-26,1670040000,1927.44
2005-04-25,1442420000,1950.78
2005-04-22,1802730000,1932.19
2005-04-21,1951490000,1962.41
2005-04-20,2004950000,1913.76
2005-04-19,1792830000,1932.36
2005-04-18,1840360000,1912.92
2005-04-15,2314620000,1908.15
2005-04-14,1930060000,1946.71
2005-04-13,1705450000,1974.37
2005-04-12,1931870000,2005.40
2005-04-11,1382490000,1992.12
2005-04-08,1516340000,1999.35
2005-04-07,1714270000,2018.79
2005-04-06,1746400000,1999.14
2005-04-05,1647510000,1999.32
2005-04-04,1589310000,1991.07
2005-04-01,1869690000,1984.81
2005-03-31,1686970000,1999.23
2005-03-30,1753610000,2005.67
2005-03-29,1797840000,1973.88
2005-03-28,1487620000,1992.52
2005-03-24,1697930000,1991.06
2005-03-23,1741150000,1990.22
2005-03-22,1805950000,1989.34
2005-03-21,1611000000,2007.51
2005-03-18,2106980000,2007.79
2005-03-17,1745120000,2016.42
2005-03-16,1969690000,2015.75
2005-03-15,1838790000,2034.98
2005-03-14,1707720000,2051.04
2005-03-11,1792090000,2041.60
2005-03-10,1825790000,2059.72
2005-03-09,1895520000,2061.29
2005-03-08,1696700000,2073.55
2005-03-07,1949190000,2090.21
2005-03-04,1829190000,2070.61
2005-03-03,1895880000,2058.40
2005-03-02,2004470000,2067.50
2005-03-01,1941180000,2071.25
2005-02-28,2130140000,2051.72
2005-02-25,1771200000,2065.40
2005-02-24,2031880000,2051.70
2005-02-23,1878450000,2031.25
2005-02-22,2056220000,2030.32
2005-02-18,1614160000,2058.62
2005-02-17,1950460000,2061.34
2005-02-16,1865070000,2087.43
2005-02-15,2071590000,2089.21
2005-02-14,1639640000,2082.91
2005-02-11,2163630000,2076.66
2005-02-10,2085500000,2053.10
2005-02-09,1958810000,2052.55
2005-02-08,1943560000,2086.68
2005-02-07,1698460000,2082.03
2005-02-04,1941510000,2086.66
2005-02-03,1962750000,2057.64
2005-02-02,1965550000,2075.06
2005-02-01,1904570000,2068.70
2005-01-31,1823800000,2062.41
2005-01-28,2098150000,2035.83
2005-01-27,2106220000,2047.15
2005-01-26,2105070000,2046.09
2005-01-25,2003630000,2019.95
2005-01-24,2134680000,2008.70
2005-01-21,2043770000,2034.27
2005-01-20,2231360000,2045.88
2005-01-19,2217700000,2073.59
2005-01-18,1983840000,2106.04
2005-01-14,2084860000,2087.91
2005-01-13,2111610000,2070.56
2005-01-12,2257670000,2092.53
2005-01-11,2210240000,2079.62
2005-01-10,2098270000,2097.04
2005-01-07,2191910000,2088.61
2005-01-06,2174220000,2090.00
2005-01-05,2375380000,2091.24
2005-01-04,2690460000,2107.86
2005-01-03,2193130000,2152.15
2004-12-31,1366460000,2175.44
2004-12-30,1403140000,2178.34
2004-12-29,1503880000,2177.00
2004-12-28,1587550000,2177.19
2004-12-27,1478700000,2154.22
2004-12-23,1430770000,2160.62
2004-12-22,1802760000,2157.03
2004-12-21,1972860000,2150.91
2004-12-20,1991460000,2127.85
2004-12-17,2423080000,2135.20
2004-12-16,2396220000,2146.15
2004-12-15,2337590000,2162.55
2004-12-14,2228670000,2159.84
2004-12-13,2070980000,2148.50
2004-12-10,1794840000,2128.07
2004-12-09,2284150000,2129.01
2004-12-08,2390860000,2126.11
2004-12-07,2671520000,2114.66
2004-12-06,2150250000,2151.25
2004-12-03,2410930000,2147.96
2004-12-02,2401610000,2143.57
2004-12-01,2281640000,2138.23
2004-11-30,1878760000,2096.81
2004-11-29,1844330000,2106.87
2004-11-26,667760000,2101.97
2004-11-24,1638170000,2102.54
2004-11-23,2057620000,2084.28
2004-11-22,1897960000,2085.19
2004-11-19,2033710000,2070.63
2004-11-18,1915430000,2104.28
2004-11-17,2223370000,2099.68
2004-11-16,1901080000,2078.62
2004-11-15,1888260000,2094.09
2004-11-12,2004310000,2085.34
2004-11-11,1764760000,2061.27
2004-11-10,1853460000,2034.56
2004-11-09,1692200000,2043.33
2004-11-08,1609270000,2039.25
2004-11-05,1908970000,2038.94
2004-11-04,1823490000,2023.63
2004-11-03,1957400000,2004.33
2004-11-02,1845080000,1984.79
2004-11-01,1522820000,1979.87
2004-10-29,1639950000,1974.99
2004-10-28,1821820000,1975.74
2004-10-27,2075920000,1969.99
2004-10-26,1812550000,1928.79
2004-10-25,1603830000,1914.04
2004-10-22,1737960000,1915.14
2004-10-21,2006000000,1953.62
2004-10-20,1650470000,1932.97
2004-10-19,1713330000,1922.90
2004-10-18,1505000000,1936.52
2004-10-15,1648280000,1911.50
2004-10-14,1590290000,1903.02
2004-10-13,1776120000,1920.53
2004-10-12,1508390000,1925.17
2004-10-11,1173820000,1928.76
2004-10-08,1668940000,1919.97
2004-10-07,1734970000,1948.52
2004-10-06,1922870000,1971.03
2004-10-05,1709600000,1955.50
2004-10-04,1854970000,1952.40
2004-10-01,1820300000,1942.20
2004-09-30,1656620000,1896.84
2004-09-29,1637280000,1893.94
2004-09-28,1536980000,1869.87
2004-09-27,1316790000,1859.88
2004-09-24,1360090000,1879.48
2004-09-23,1396810000,1886.43
2004-09-22,1588290000,1885.71
2004-09-21,1531560000,1921.18
2004-09-20,1565540000,1908.07
2004-09-17,1640370000,1910.09
2004-09-16,1325500000,1904.08
2004-09-15,1575500000,1896.52
2004-09-14,1509260000,1915.40
2004-09-13,1741080000,1910.38
2004-09-10,1606650000,1894.31
2004-09-09,1663790000,1869.65
2004-09-08,1442540000,1850.64
2004-09-07,1320700000,1858.56
2004-09-03,1244610000,1844.48
2004-09-02,1208770000,1873.43
2004-09-01,1426350000,1850.41
2004-08-31,1298910000,1838.10
2004-08-30,1007640000,1836.49
2004-08-27,1011070000,1862.09
2004-08-26,1183830000,1852.92
2004-08-25,1320640000,1860.72
2004-08-24,1301090000,1836.89
2004-08-23,1224660000,1838.70
2004-08-20,1342650000,1838.02
2004-08-19,1416730000,1819.89
2004-08-18,1575050000,1831.37
2004-08-17,1390280000,1795.25
2004-08-16,1289730000,1782.84
2004-08-13,1347750000,1757.22
2004-08-12,1632660000,1752.49
2004-08-11,1794260000,1782.42
2004-08-10,1468460000,1808.70
2004-08-09,1263490000,1774.64
2004-08-06,1692260000,1776.89
2004-08-05,1574660000,1821.63
2004-08-04,1659390000,1855.06
2004-08-03,1494480000,1859.42
2004-08-02,1533970000,1892.09
2004-07-30,1507320000,1887.36
2004-07-29,1703350000,1881.06
2004-07-28,1847380000,1858.26
2004-07-27,1769400000,1869.10
2004-07-26,1667060000,1839.02
2004-07-23,1697910000,1849.09
2004-07-22,1964570000,1889.06
2004-07-21,2109750000,1874.37
2004-07-20,1628240000,1917.07
2004-07-19,1774620000,1883.83
2004-07-16,2099400000,1883.15
2004-07-15,1669940000,1912.71
2004-07-14,1461800000,1914.88
2004-07-13,1499660000,1931.66
2004-07-12,1504000000,1936.92
2004-07-09,1388750000,1946.33
2004-07-08,1789150000,1935.32
2004-07-07,1762310000,1966.08
2004-07-06,1927550000,1963.43
2004-07-02,1200230000,2006.66
2004-07-01,1739310000,2015.55
2004-06-30,1754160000,2047.79
2004-06-29,1581530000,2034.93
2004-06-28,1611080000,2019.82
2004-06-25,1972100000,2025.47
2004-06-24,1685690000,2015.57
2004-06-23,1803560000,2020.98
2004-06-22,1660890000,1994.15
2004-06-21,1363000000,1974.38
2004-06-18,1697770000,1986.73
2004-06-17,1449920000,1983.67
2004-06-16,1353130000,1998.23
2004-06-15,1527280000,1995.60
2004-06-14,1402630000,1969.99
2004-06-10,1345640000,1999.87
2004-06-09,1520200000,1990.61
2004-06-08,1464790000,2023.53
2004-06-07,1485300000,2020.62
2004-06-04,1417600000,1978.62
2004-06-03,1526670000,1960.26
2004-06-02,1520120000,1988.98
2004-06-01,1459030000,1990.77
2004-05-28,1233190000,1986.74
2004-05-27,1641260000,1984.50
2004-05-26,1591030000,1976.15
2004-05-25,1770600000,1964.65
2004-05-24,1422080000,1922.98
2004-05-21,1376620000,1912.09
2004-05-20,1540900000,1896.59
2004-05-19,1834960000,1898.17
2004-05-18,1435100000,1897.82
2004-05-17,1528890000,1876.64
2004-05-14,1526360000,1904.25
2004-05-13,1558620000,1926.03
2004-05-12,1887780000,1925.59
2004-05-11,1645220000,1931.35
2004-05-10,1895630000,1896.07
2004-05-07,1637090000,1917.96
2004-05-06,1750770000,1937.74
2004-05-05,1586660000,1957.26
2004-05-04,1857530000,1950.48
2004-05-03,1932490000,1938.72
2004-04-30,2174730000,1920.15
2004-04-29,2371070000,1958.78
2004-04-28,2037420000,1989.54
2004-04-27,1971610000,2032.53
2004-04-26,1727680000,2036.77
2004-04-23,1927300000,2049.77
2004-04-22,2147870000,2032.91
2004-04-21,2053970000,1995.63
2004-04-20,1921740000,1978.63
2004-04-19,1672830000,2020.43
2004-04-16,1870420000,1995.74
2004-04-15,1956010000,2002.17
2004-04-14,1832200000,2024.85
2004-04-13,1953240000,2030.08
2004-04-12,1501360000,2065.48
2004-04-08,1694140000,2052.88
2004-04-07,1774960000,2050.24
2004-04-06,1811100000,2059.90
2004-04-05,1736300000,2079.12
2004-04-02,2183740000,2057.17
2004-04-01,1833430000,2015.01
2004-03-31,1861460000,1994.22
2004-03-30,1598550000,2000.63
2004-03-29,1706000000,1992.57
2004-03-26,1579820000,1960.02
2004-03-25,1968620000,1967.17
2004-03-24,1839440000,1909.48
2004-03-23,1835180000,1901.80
2004-03-22,1982240000,1909.90
2004-03-19,1645680000,1940.47
2004-03-18,1677760000,1962.44
2004-03-17,1678770000,1976.76
2004-03-16,1963640000,1943.09
2004-03-15,1723290000,1939.20
2004-03-12,1707130000,1984.73
2004-03-11,2191370000,1943.89
2004-03-10,2159820000,1964.15
2004-03-09,2105450000,1995.16
2004-03-08,2044260000,2008.78
2004-03-05,2045230000,2047.63
2004-03-04,1799070000,2055.11
2004-03-03,1814850000,2033.36
2004-03-02,1871950000,2039.65
2004-03-01,1697920000,2057.80
2004-02-27,1871780000,2029.82
2004-02-26,1752840000,2032.57
2004-02-25,1707140000,2022.98
2004-02-24,2069420000,2005.44
2004-02-23,1953330000,2007.52
2004-02-20,1914330000,2037.93
2004-02-19,2065540000,2045.96
2004-02-18,1781240000,2076.47
2004-02-17,1618060000,2080.35
2004-02-13,1818020000,2053.56
2004-02-12,1937690000,2073.61
2004-02-11,2185700000,2089.66
2004-02-10,1656760000,2075.33
2004-02-09,1745350000,2060.57
2004-02-06,1855510000,2064.01
2004-02-05,1956030000,2019.56
2004-02-04,2267580000,2014.14
2004-02-03,1844840000,2066.21
2004-02-02,1915680000,2063.15
2004-01-30,1931180000,2066.15
2004-01-29,2637760000,2068.23
2004-01-28,2319550000,2077.37
2004-01-27,2151260000,2116.04
2004-01-26,1946050000,2153.83
2004-01-23,2253910000,2123.87
2004-01-22,2353370000,2119.01
2004-01-21,2421860000,2142.45
2004-01-20,2574190000,2147.98
2004-01-16,2614390000,2140.46
2004-01-15,2235590000,2109.08
2004-01-14,2099970000,2111.13
2004-01-13,2385700000,2096.44
2004-01-12,2284010000,2111.78
2004-01-09,2482760000,2086.92
2004-01-08,2683950000,2100.25
2004-01-07,2294280000,2077.68
2004-01-06,2273220000,2057.37
2004-01-05,2362910000,2047.36
2004-01-02,1666780000,2006.68
2003-12-31,1775710000,2003.37
2003-12-30,1544270000,2009.88
2003-12-29,1413210000,2006.48
2003-12-26,530810000,1973.14
2003-12-24,642630000,1969.23
2003-12-23,1321000000,1974.78
2003-12-22,1283590000,1955.80
2003-12-19,1844570000,1951.02
2003-12-18,1714080000,1956.18
2003-12-17,1501340000,1921.33
2003-12-16,1811430000,1924.29
2003-12-15,1815500000,1918.26
2003-12-12,1457100000,1949.00
2003-12-11,1807550000,1942.32
2003-12-10,1946310000,1904.65
2003-12-09,1813530000,1908.32
2003-12-08,1583730000,1948.85
2003-12-05,1665920000,1937.82
2003-12-04,2114230000,1968.80
2003-12-03,2241590000,1960.25
2003-12-02,1802760000,1980.07
2003-12-01,1840020000,1989.82
2003-11-28,703800000,1960.26
2003-11-26,1524790000,1953.31
2003-11-25,1836350000,1943.04
2003-11-24,1791020000,1947.14
2003-11-21,1621590000,1893.88
2003-11-20,1799100000,1881.92
2003-11-19,1798010000,1899.65
2003-11-18,1898710000,1881.75
2003-11-17,1861100000,1909.61
2003-11-14,1829730000,1930.26
2003-11-13,1871860000,1967.35
2003-11-12,1837190000,1973.11
2003-11-11,1637810000,1930.75
2003-11-10,1750150000,1941.64
2003-11-07,1957330000,1970.74
2003-11-06,2141830000,1976.37
2003-11-05,2018140000,1959.37
2003-11-04,2081990000,1957.97
2003-11-03,2089430000,1967.70
2003-10-31,1833200000,1932.21
2003-10-30,2158840000,1932.69
2003-10-29,1968120000,1936.56
2003-10-28,2076260000,1932.26
2003-10-27,1518680000,1882.91
2003-10-24,1957040000,1865.59
2003-10-23,1937090000,1885.51
2003-10-22,1711460000,1898.07
2003-10-21,1735740000,1940.90
2003-10-20,1537390000,1925.14
2003-10-17,1747150000,1912.36
2003-10-16,1765870000,1950.14
2003-10-15,2017190000,1939.10
2003-10-14,1757290000,1943.19
2003-10-13,1498730000,1933.53
2003-10-10,1464990000,1915.31
2003-10-09,2083460000,1911.90
2003-10-08,1801870000,1893.78
2003-10-07,1840280000,1907.85
2003-10-06,1375810000,1893.46
2003-10-03,2014580000,1880.57
2003-10-02,1604090000,1836.22
2003-10-01,1821740000,1832.25
2003-09-30,1864240000,1786.94
2003-09-29,1666930000,1824.56
2003-09-26,1841530000,1792.07
2003-09-25,2033060000,1817.24
2003-09-24,2207970000,1843.70
2003-09-23,1868800000,1901.72
2003-09-22,1720080000,1874.62
2003-09-19,1885000000,1905.70
2003-09-18,2011010000,1909.55
2003-09-17,1903800000,1883.10
2003-09-16,1788770000,1887.25
2003-09-15,1463950000,1845.70
2003-09-12,1713770000,1855.03
2003-09-11,1748050000,1846.09
2003-09-10,2001600000,1823.81
2003-09-09,2220160000,1873.43
2003-09-08,2032940000,1888.62
2003-09-05,1952040000,1858.24
2003-09-04,1886580000,1868.97
2003-09-03,2333120000,1852.90
2003-09-02,1773780000,1841.48
2003-08-29,1206180000,1810.45
2003-08-28,1466510000,1800.18
2003-08-27,1349730000,1782.13
2003-08-26,1382860000,1770.65
2003-08-25,1117840000,1764.31
2003-08-22,1705200000,1765.32
2003-08-21,1722470000,1777.55
2003-08-20,1506760000,1760.54
2003-08-19,1724390000,1761.11
2003-08-18,1476310000,1739.49
2003-08-15,703950000,1702.01
2003-08-14,1311570000,1700.34
2003-08-13,1449200000,1686.61
2003-08-12,1329840000,1687.01
2003-08-11,1203780000,1661.51
2003-08-08,1336330000,1644.03
2003-08-07,1638040000,1652.18
2003-08-06,1862270000,1652.68
2003-08-05,1743380000,1673.50
2003-08-04,1573410000,1714.06
2003-08-01,1484040000,1715.62
2003-07-31,1858470000,1735.02
2003-07-30,1513760000,1720.91
2003-07-29,1703800000,1731.37
2003-07-28,1535820000,1735.36
2003-07-25,1587980000,1730.70
2003-07-24,1901240000,1701.42
2003-07-23,1834980000,1719.18
2003-07-22,1749720000,1706.10
2003-07-21,1459310000,1681.41
2003-07-18,1602890000,1708.50
2003-07-17,1912680000,1698.02
2003-07-16,1920560000,1747.97
2003-07-15,1915630000,1753.21
2003-07-14,1973180000,1754.82
2003-07-11,1516880000,1733.93
2003-07-10,1733800000,1715.86
2003-07-09,2113620000,1747.46
2003-07-08,2018490000,1746.46
2003-07-07,1836380000,1720.71
2003-07-03,944910000,1663.46
2003-07-02,1866650000,1678.73
2003-07-01,1711820000,1640.13
2003-06-30,1792820000,1622.80
2003-06-27,1553940000,1625.26
2003-06-26,1560860000,1634.01
2003-06-25,1563620000,1602.66
2003-06-24,1619510000,1605.61
2003-06-23,1694940000,1610.75
2003-06-20,1767110000,1644.72
2003-06-19,1957720000,1648.64
2003-06-18,2082080000,1677.14
2003-06-17,1968630000,1668.44
2003-06-16,1912560000,1666.58
2003-06-13,1813140000,1626.49
2003-06-12,1790700000,1653.62
2003-06-11,1932200000,1646.02
2003-06-10,1791650000,1627.67
2003-06-09,1856700000,1603.97
2003-06-06,2962610000,1627.42
2003-06-05,2449080000,1646.01
2003-06-04,2515710000,1634.65
2003-06-03,2067880000,1603.56
2003-06-02,2517530000,1590.75
2003-05-30,2314660000,1595.91
2003-05-29,2228880000,1574.95
2003-05-28,2042270000,1563.24
2003-05-27,1932760000,1556.69
2003-05-23,1448770000,1510.09
2003-05-22,1783870000,1507.55
2003-05-21,1588960000,1489.87
2003-05-20,1699750000,1491.09
2003-05-19,1684210000,1492.77
2003-05-16,1783450000,1538.53
2003-05-15,1982130000,1551.38
2003-05-14,1816790000,1534.90
2003-05-13,1856230000,1539.68
2003-05-12,1796940000,1541.40
2003-05-09,1545190000,1520.15
2003-05-08,1619000000,1489.69
2003-05-07,1927720000,1506.76
2003-05-06,2139720000,1523.71
2003-05-05,1932030000,1504.04
2003-05-02,1826120000,1502.88
2003-05-01,1473860000,1472.56
2003-04-30,1619230000,1464.31
2003-04-29,1670600000,1471.30
2003-04-28,1477750000,1462.24
2003-04-25,1515730000,1434.54
2003-04-24,1661540000,1457.23
2003-04-23,1818020000,1466.16
2003-04-22,1614310000,1451.36
2003-04-21,1271170000,1424.37
2003-04-17,1644000000,1425.50
2003-04-16,1551600000,1394.72
2003-04-15,1295900000,1391.01
2003-04-14,1173640000,1384.95
2003-04-11,1237570000,1358.85
2003-04-10,1235410000,1365.61
2003-04-09,1312000000,1356.74
2003-04-08,1312770000,1382.94
2003-04-07,1516080000,1389.51
2003-04-04,1366800000,1383.51
2003-04-03,1445510000,1396.58
2003-04-02,1609690000,1396.72
2003-04-01,1412110000,1348.30
2003-03-31,1596280000,1341.17
2003-03-28,1364880000,1369.60
2003-03-27,1441300000,1384.25
2003-03-26,1418520000,1387.45
2003-03-25,1437240000,1391.01
2003-03-24,1317380000,1369.78
2003-03-21,1911550000,1421.84
2003-03-20,1596740000,1402.77
2003-03-19,1694670000,1397.07
2003-03-18,1632220000,1400.55
2003-03-17,1886510000,1392.27
2003-03-14,1611050000,1340.33
2003-03-13,1789080000,1340.77
2003-03-12,1533600000,1279.24
2003-03-11,1251740000,1271.47
2003-03-10,1119970000,1278.37
2003-03-07,1436040000,1305.29
2003-03-06,1262310000,1302.89
2003-03-05,1360590000,1314.40
2003-03-04,1221830000,1307.77
2003-03-03,1253490000,1320.29
2003-02-28,1354370000,1337.52
2003-02-27,1238110000,1323.94
2003-02-26,1207090000,1303.68
2003-02-25,1395960000,1328.98
2003-02-24,1222480000,1322.38
2003-02-21,1342440000,1349.02
2003-02-20,1320410000,1331.23
2003-02-19,1179700000,1334.32
2003-02-18,1303930000,1346.54
2003-02-14,1315410000,1310.17
2003-02-13,1310440000,1277.44
2003-02-12,1231070000,1278.97
2003-02-11,1296190000,1295.46
2003-02-10,1216440000,1296.68
2003-02-07,1228850000,1282.47
2003-02-06,1219320000,1301.73
2003-02-05,1367130000,1301.50
2003-02-04,1368150000,1306.15
2003-02-03,1256550000,1323.79
2003-01-31,1554810000,1320.91
2003-01-30,1446130000,1322.35
2003-01-29,1507590000,1358.06
2003-01-28,1406660000,1342.18
2003-01-27,1440300000,1325.27
2003-01-24,1568350000,1342.14
2003-01-23,1566510000,1388.27
2003-01-22,1477520000,1359.48
2003-01-21,1355410000,1364.25
2003-01-17,1433840000,1376.19
2003-01-16,1366550000,1423.75
2003-01-15,1513080000,1438.80
2003-01-14,1329340000,1460.99
2003-01-13,1376040000,1446.04
2003-01-10,1652320000,1447.72
2003-01-09,1685990000,1438.46
2003-01-08,1457010000,1401.07
2003-01-07,1755760000,1431.57
2003-01-06,1567690000,1421.32
2003-01-03,1149590000,1387.08
2003-01-02,1287540000,1384.85
2002-12-31,1166770000,1335.51
2002-12-30,1076580000,1339.54
2002-12-27,804960000,1348.31
2002-12-26,812310000,1367.89
2002-12-24,523880000,1372.47
2002-12-23,1193060000,1381.69
2002-12-20,1992120000,1363.05
2002-12-19,1654540000,1354.10
2002-12-18,1529600000,1361.51
2002-12-17,1336750000,1392.05
2002-12-16,1406210000,1400.33
2002-12-13,1371410000,1362.42
2002-12-12,1408220000,1399.55
2002-12-11,1423880000,1396.59
2002-12-10,1470250000,1390.76
2002-12-09,1496820000,1367.14
2002-12-06,1529800000,1422.44
2002-12-05,1462340000,1410.75
2002-12-04,1886070000,1430.35
2002-12-03,1651510000,1448.96
2002-12-02,1925550000,1484.78
2002-11-29,841810000,1478.78
2002-11-27,1734500000,1487.94
2002-11-26,1927670000,1444.43
2002-11-25,1952400000,1481.90
2002-11-22,1960160000,1468.74
2002-11-21,2441730000,1467.55
2002-11-20,1771370000,1419.35
2002-11-19,1620330000,1374.51
2002-11-18,1766300000,1393.69
2002-11-15,1700890000,1411.14
2002-11-14,1756210000,1411.52
2002-11-13,1901380000,1361.33
2002-11-12,1559650000,1349.56
2002-11-11,1267420000,1319.19
2002-11-08,1603460000,1359.28
2002-11-07,1758820000,1376.71
2002-11-06,2189420000,1418.99
2002-11-05,1704780000,1401.17
2002-11-04,2372480000,1396.54
2002-11-01,1842870000,1360.70
2002-10-31,1761680000,1329.75
2002-10-30,1675530000,1326.73
2002-10-29,1598410000,1300.54
2002-10-28,1636190000,1315.83
2002-10-25,1470040000,1331.13
2002-10-24,1944060000,1298.71
2002-10-23,1598320000,1320.23
2002-10-22,1723340000,1292.80
2002-10-21,1572970000,1309.67
2002-10-18,1665970000,1287.86
2002-10-17,1822740000,1272.29
2002-10-16,1585220000,1232.42
2002-10-15,2009640000,1282.44
2002-10-14,1204240000,1220.53
2002-10-11,1915390000,1210.47
2002-10-10,1837940000,1163.37
2002-10-09,1755730000,1114.11
2002-10-08,1836990000,1129.22
2002-10-07,1409850000,1119.40
2002-10-04,1587030000,1139.90
2002-10-03,1647320000,1165.56
2002-10-02,1763700000,1187.30
2002-10-01,1707860000,1213.72
2002-09-30,1682900000,1172.06
2002-09-27,1444460000,1199.16
2002-09-26,1664160000,1221.61
2002-09-25,1691640000,1222.29
2002-09-24,1666020000,1182.17
2002-09-23,1443330000,1184.93
2002-09-20,1796000000,1221.09
2002-09-19,1521130000,1216.45
2002-09-18,1570950000,1252.13
2002-09-17,1500330000,1259.94
2002-09-16,1097330000,1275.88
2002-09-13,1265530000,1291.40
2002-09-12,1192760000,1279.68
2002-09-11,1075670000,1315.45
2002-09-10,1441490000,1320.09
2002-09-09,1247540000,1304.60
2002-09-06,1320380000,1295.30
2002-09-05,1520290000,1251.00
2002-09-04,1493510000,1292.31
2002-09-03,1394260000,1263.84
2002-08-30,1089820000,1314.85
2002-08-29,1435190000,1335.77
2002-08-28,1351500000,1314.38
2002-08-27,1432360000,1347.78
2002-08-26,1261360000,1391.74
2002-08-23,1365830000,1380.62
2002-08-22,1654080000,1422.95
2002-08-21,1508530000,1409.25
2002-08-20,1396290000,1376.59
2002-08-19,1489490000,1394.54
2002-08-16,1389180000,1361.01
2002-08-15,1642850000,1345.01
2002-08-14,1629290000,1334.30
2002-08-13,1570660000,1269.28
2002-08-12,1054220000,1306.84
2002-08-09,1313750000,1306.12
2002-08-08,1523000000,1316.52
2002-08-07,1542880000,1280.90
2002-08-06,1535110000,1259.55
2002-08-05,1336720000,1206.01
2002-08-02,1419790000,1247.92
2002-08-01,1548860000,1280.00
2002-07-31,1633300000,1328.26
2002-07-30,1728270000,1344.19
2002-07-29,1944170000,1335.25
2002-07-26,1691540000,1262.12
2002-07-25,2353210000,1240.08
2002-07-24,2167790000,1290.23
2002-07-23,2238890000,1229.05
2002-07-22,2014410000,1282.65
2002-07-19,2396800000,1319.15
2002-07-18,1842360000,1356.95
2002-07-17,2338390000,1397.25
2002-07-16,2379260000,1375.26
2002-07-15,2117700000,1382.62
2002-07-12,2009340000,1373.50
2002-07-11,2298330000,1374.43
2002-07-10,1846320000,1346.01
2002-07-09,1704220000,1381.12
2002-07-08,1708150000,1405.61
2002-07-05,1120960000,1448.36
2002-07-03,2661060000,1380.17
2002-07-02,2722550000,1357.82
2002-07-01,2320650000,1403.80
2002-06-28,2575240000,1463.21
2002-06-27,1942590000,1459.20
2002-06-26,2061740000,1429.33
2002-06-25,1880680000,1423.99
2002-06-24,2050610000,1460.34
2002-06-21,1962900000,1440.96
2002-06-20,1709470000,1464.75
2002-06-19,1726700000,1496.83
2002-06-18,1589760000,1542.96
2002-06-17,1591840000,1553.29
2002-06-14,1827730000,1504.74
2002-06-13,1566910000,1496.88
2002-06-12,2057320000,1519.12
2002-06-11,1697040000,1497.18
2002-06-10,1518260000,1530.69
2002-06-07,2111740000,1535.48
2002-06-06,1630260000,1554.88
2002-06-05,1632920000,1595.26
2002-06-04,1881400000,1578.12
2002-06-03,1623120000,1562.56
2002-05-31,1682430000,1615.73
2002-05-30,1585850000,1631.92
2002-05-29,1418900000,1624.39
2002-05-28,1319250000,1652.17
2002-05-24,1210890000,1661.49
2002-05-23,1762570000,1697.63
2002-05-22,1734730000,1673.45
2002-05-21,1660880000,1664.18
2002-05-20,1429300000,1701.59
2002-05-17,1648910000,1741.39
2002-05-16,1644660000,1730.44
2002-05-15,2266100000,1725.56
2002-05-14,2603120000,1719.05
2002-05-13,1648780000,1652.54
2002-05-10,1839130000,1600.85
2002-05-09,1788460000,1650.49
2002-05-08,2403240000,1696.29
2002-05-07,2139130000,1573.82
2002-05-06,1776080000,1578.48
2002-05-03,1990950000,1613.03
2002-05-02,2060340000,1644.82
2002-05-01,2189110000,1677.53
2002-04-30,2091610000,1688.23
2002-04-29,1842550000,1656.93
2002-04-26,1893790000,1663.89
2002-04-25,1971760000,1713.70
2002-04-24,1923230000,1713.34
2002-04-23,1957900000,1730.29
2002-04-22,1703120000,1758.68
2002-04-19,1681640000,1796.83
2002-04-18,1866140000,1802.43
2002-04-17,1931060000,1810.67
2002-04-16,1791490000,1816.79
2002-04-15,1327230000,1753.78
2002-04-12,1532480000,1756.19
2002-04-11,1707140000,1725.24
2002-04-10,1965420000,1767.07
2002-04-09,1662760000,1742.57
2002-04-08,1599200000,1785.87
2002-04-05,1508100000,1770.03
2002-04-04,1731670000,1789.75
2002-04-03,1704190000,1784.35
2002-04-02,1701240000,1804.40
2002-04-01,1554790000,1862.62
2002-03-28,1664900000,1845.35
2002-03-27,1624230000,1826.75
2002-03-26,1662170000,1824.17
2002-03-25,1429310000,1812.49
2002-03-22,1504960000,1851.39
2002-03-21,1601590000,1868.83
2002-03-20,1554640000,1832.87
2002-03-19,1521620000,1880.87
2002-03-18,1547190000,1877.06
2002-03-15,1698800000,1868.30
2002-03-14,1492130000,1854.14
2002-03-13,1664240000,1862.03
2002-03-12,1750150000,1897.12
2002-03-11,1763950000,1929.49
2002-03-08,2059420000,1929.67
2002-03-07,1898190000,1881.63
2002-03-06,1907080000,1890.40
2002-03-05,2074650000,1866.29
2002-03-04,2297630000,1859.32
2002-03-01,1902520000,1802.74
2002-02-28,1935630000,1731.49
2002-02-27,1823440000,1751.88
2002-02-26,1670530000,1766.86
2002-02-25,1666850000,1769.88
2002-02-22,1839340000,1724.54
2002-02-21,1833750000,1716.24
2002-02-20,1918210000,1775.57
2002-02-19,1749170000,1750.61
2002-02-15,1624720000,1805.20
2002-02-14,1679410000,1843.37
2002-02-13,1600740000,1859.16
2002-02-12,1621680000,1834.21
2002-02-11,1564830000,1846.66
2002-02-08,1794710000,1818.88
2002-02-07,1998300000,1782.11
2002-02-06,2105480000,1812.71
2002-02-05,2106870000,1838.52
2002-02-04,1779030000,1855.53
2002-02-01,1710000000,1911.24
2002-01-31,1803530000,1934.03
2002-01-30,2066970000,1913.44
2002-01-29,1875380000,1892.99
2002-01-28,1482080000,1943.91
2002-01-25,1655310000,1937.70
2002-01-24,1907870000,1942.58
2002-01-23,1871120000,1922.38
2002-01-22,1817220000,1882.53
2002-01-18,1693010000,1930.34
2002-01-17,1893110000,1985.82
2002-01-16,1917270000,1944.44
2002-01-15,1675150000,2000.91
2002-01-14,1801650000,1990.74
2002-01-11,1625530000,2022.46
2002-01-10,1761640000,2047.24
2002-01-09,2321450000,2044.89
2002-01-08,1873670000,2055.74
2002-01-07,2121110000,2037.10
2002-01-04,2205610000,2059.38
2002-01-03,2209630000,2044.27
2002-01-02,1517670000,1979.25
2001-12-31,1414840000,1950.40
2001-12-28,1328290000,1987.26
2001-12-27,1241060000,1976.42
2001-12-26,1127350000,1960.70
2001-12-24,1064380000,1944.48
2001-12-21,2359670000,1945.83
2001-12-20,2043110000,1918.54
2001-12-19,1919850000,1982.89
2001-12-18,1852020000,2004.76
2001-12-17,1840920000,1987.45
2001-12-14,1900020000,1953.17
2001-12-13,2095820000,1946.51
2001-12-12,1895290000,2011.38
2001-12-11,1965200000,2001.93
2001-12-10,1679480000,1992.12
2001-12-07,1916720000,2021.26
2001-12-06,2212470000,2054.27
2001-12-05,2777500000,2046.84
2001-12-04,1908630000,1963.10
2001-12-03,1496760000,1904.90
2001-11-30,1831850000,1930.58
2001-11-29,1957120000,1933.26
2001-11-28,1905150000,1887.97
2001-11-27,2137420000,1935.97
2001-11-26,1734130000,1941.23
2001-11-23,1069820000,1903.20
2001-11-21,1577590000,1875.05
2001-11-20,1988580000,1880.51
2001-11-19,1924900000,1934.42
2001-11-16,1714140000,1898.58
2001-11-15,2025550000,1900.57
2001-11-14,2175590000,1903.19
2001-11-13,2189000000,1892.11
2001-11-12,1594470000,1840.13
2001-11-09,1524360000,1828.48
2001-11-08,2300720000,1827.77
2001-11-07,2065810000,1837.53
2001-11-06,1945510000,1835.08
2001-11-05,1734250000,1793.65
2001-11-02,1643860000,1745.73
2001-11-01,1784910000,1746.30
2001-10-31,1897610000,1690.20
2001-10-30,1778560000,1667.41
2001-10-29,1659170000,1699.52
2001-10-26,1999200000,1768.96
2001-10-25,2259620000,1775.47
2001-10-24,1895000000,1731.54
2001-10-23,1839490000,1704.44
2001-10-22,1530830000,1708.08
2001-10-19,1591110000,1671.31
2001-10-18,1793870000,1652.72
2001-10-17,2292410000,1646.34
2001-10-16,1843310000,1722.07
2001-10-15,1586210000,1696.31
2001-10-12,2185970000,1703.40
2001-10-11,2532940000,1701.47
2001-10-10,1857510000,1626.26
2001-10-09,1527430000,1570.19
2001-10-08,1417520000,1605.95
2001-10-05,1836380000,1605.30
2001-10-04,2558580000,1597.31
2001-10-03,2713300000,1580.81
2001-10-02,1784730000,1492.33
2001-10-01,1505140000,1480.46
2001-09-28,2114360000,1498.80
2001-09-27,2043090000,1460.71
2001-09-26,1760620000,1464.04
2001-09-25,2181960000,1501.64
2001-09-24,2052290000,1499.40
2001-09-21,2588150000,1423.19
2001-09-20,2804660000,1470.93
2001-09-19,2464030000,1527.80
2001-09-18,1864980000,1555.08
2001-09-17,2254620000,1579.55
2001-09-10,1612970000,1695.38
2001-09-07,1712760000,1687.70
2001-09-06,1887800000,1705.64
2001-09-05,1950580000,1759.01
2001-09-04,1536580000,1770.78
2001-08-31,1232880000,1805.43
2001-08-30,1734810000,1791.68
2001-08-29,1466700000,1843.17
2001-08-28,1433940000,1864.98
2001-08-27,1195290000,1912.41
2001-08-24,1495650000,1916.80
2001-08-23,1456290000,1842.97
2001-08-22,1550540000,1860.01
2001-08-21,1325960000,1831.30
2001-08-20,1165790000,1881.35
2001-08-17,1301510000,1867.01
2001-08-16,1613790000,1930.32
2001-08-15,1463930000,1918.89
2001-08-14,1231860000,1964.53
2001-08-13,1147040000,1982.25
2001-08-10,1372690000,1956.47
2001-08-09,1457150000,1963.32
2001-08-08,1661690000,1966.36
2001-08-07,1318020000,2027.79
2001-08-06,1106550000,2034.26
2001-08-03,1245120000,2066.33
2001-08-02,1675930000,2087.38
2001-08-01,1784220000,2068.38
2001-07-31,1621790000,2027.13
2001-07-30,1338230000,2017.84
2001-07-27,1583800000,2029.07
2001-07-26,1765390000,2022.96
2001-07-25,1675490000,1984.32
2001-07-24,1601500000,1959.24
2001-07-23,1356540000,1988.56
2001-07-20,1642120000,2029.37
2001-07-19,1906220000,2046.59
2001-07-18,1738120000,2016.17
2001-07-17,1695690000,2067.32
2001-07-16,1489350000,2029.12
2001-07-13,1561760000,2084.79
2001-07-12,1888690000,2075.74
2001-07-11,1770290000,1972.04
2001-07-10,1663970000,1962.79
2001-07-09,1399630000,2026.71
2001-07-06,1441420000,2004.16
2001-07-05,1290680000,2080.11
2001-07-03,1168430000,2140.80
2001-07-02,1513420000,2148.72
2001-06-29,2071630000,2160.54
2001-06-28,1952960000,2125.46
2001-06-27,1716400000,2074.74
2001-06-26,1657380000,2064.62
2001-06-25,1481730000,2050.87
2001-06-22,1714580000,2034.84
2001-06-21,2180500000,2058.76
2001-06-20,2110760000,2031.24
2001-06-19,1980650000,1992.66
2001-06-18,1567770000,1988.63
2001-06-15,2109340000,2028.43
2001-06-14,1763760000,2044.07
2001-06-13,1546790000,2121.66
2001-06-12,1713560000,2169.95
2001-06-11,1418630000,2170.78
2001-06-08,1437730000,2215.10
2001-06-07,1660520000,2264.00
2001-06-06,1771940000,2217.73
2001-06-05,1845100000,2233.66
2001-06-04,1320350000,2155.93
2001-06-01,1555300000,2149.44
2001-05-31,1833070000,2110.49
2001-05-30,1991230000,2084.50
2001-05-29,1621060000,2175.54
2001-05-25,1385410000,2251.03
2001-05-24,1864570000,2282.02
2001-05-23,1886790000,2243.48
2001-05-22,2314800000,2313.85
2001-05-21,2311480000,2305.59
2001-05-18,1792620000,2198.88
2001-05-17,2154310000,2193.68
2001-05-16,2078580000,2166.44
2001-05-15,1710620000,2085.58
2001-05-14,1338540000,2081.92
2001-05-11,1430930000,2107.43
2001-05-10,1741690000,2128.86
2001-05-09,1793520000,2156.63
2001-05-08,1892280000,2198.77
2001-05-07,1749600000,2173.57
2001-05-04,2057110000,2191.53
2001-05-03,2010880000,2146.20
2001-05-02,2584140000,2220.60
2001-05-01,1922520000,2168.24
2001-04-30,2027180000,2116.24
2001-04-27,1801600000,2075.68
2001-04-26,2028800000,2034.88
2001-04-25,1978940000,2059.80
2001-04-24,1983330000,2016.61
2001-04-23,1845630000,2059.32
2001-04-20,2544420000,2163.41
2001-04-19,2788870000,2182.14
2001-04-18,3195650000,2079.44
2001-04-17,1900580000,1923.22
2001-04-16,1571910000,1909.57
2001-04-12,1902800000,1961.43
2001-04-11,2372010000,1898.95
2001-04-10,2203460000,1852.03
2001-04-09,1448830000,1745.71
2001-04-06,1835720000,1720.36
2001-04-05,2333000000,1785.00
2001-04-04,2465470000,1638.80
2001-04-03,2573410000,1673.00
2001-04-02,1848350000,1782.97
2001-03-30,2139050000,1840.26
2001-03-29,2079050000,1820.57
2001-03-28,2072260000,1854.13
2001-03-27,1951410000,1972.23
2001-03-26,1719620000,1918.49
2001-03-23,2284560000,1928.68
2001-03-22,2504770000,1897.70
2001-03-21,2109190000,1830.23
2001-03-20,2016500000,1857.44
2001-03-19,1774570000,1951.18
2001-03-16,2102270000,1890.91
2001-03-15,1963770000,1940.71
2001-03-14,2147220000,1972.09
2001-03-13,2096420000,2014.78
2001-03-12,2149820000,1923.38
2001-03-09,1962120000,2052.78
2001-03-08,1759140000,2168.73
2001-03-07,1774410000,2223.92
2001-03-06,1986380000,2204.43
2001-03-05,1495750000,2142.92
2001-03-02,2374100000,2117.63
2001-03-01,2256880000,2183.37
2001-02-28,2082700000,2151.83
2001-02-27,1808540000,2207.82
2001-02-26,1739060000,2308.50
2001-02-23,2237910000,2262.51
2001-02-22,2483470000,2244.96
2001-02-21,2019740000,2268.94
2001-02-20,1878340000,2318.35
2001-02-16,1892200000,2425.38
2001-02-15,2106930000,2552.91
2001-02-14,1987350000,2491.40
2001-02-13,1728550000,2427.72
2001-02-12,1751220000,2489.66
2001-02-09,1881910000,2470.97
2001-02-08,1852360000,2562.06
2001-02-07,2056920000,2607.82
2001-02-06,1788920000,2664.49
2001-02-05,1648760000,2643.21
2001-02-02,1706900000,2660.50
2001-02-01,1776260000,2782.79
2001-01-31,2277310000,2772.73
2001-01-30,2073590000,2838.35
2001-01-29,1970130000,2838.34
2001-01-26,2268800000,2781.30
2001-01-25,2298150000,2754.28
2001-01-24,2567320000,2859.15
2001-01-23,2278470000,2840.39
2001-01-22,2037140000,2757.91
2001-01-19,2697190000,2770.38
2001-01-18,2558710000,2768.49
2001-01-17,2819190000,2682.78
2001-01-16,2073940000,2618.55
2001-01-12,2518850000,2626.50
2001-01-11,2842640000,2640.57
2001-01-10,2470350000,2524.18
2001-01-09,1975130000,2441.30
2001-01-08,1850590000,2395.92
2001-01-05,2104670000,2407.65
2001-01-04,2610680000,2566.83
2001-01-03,3188000000,2616.69
2001-01-02,1918930000,2291.86
2000-12-29,2531760000,2470.52
2000-12-28,2192130000,2557.76
2000-12-27,2002650000,2539.35
2000-12-26,1558700000,2493.52
2000-12-22,2235410000,2517.02
2000-12-21,2686970000,2340.12
2000-12-20,2855150000,2332.78
2000-12-19,2317200000,2511.71
2000-12-18,2065990000,2624.52
2000-12-15,2770690000,2653.27
2000-12-14,1770640000,2728.51
2000-12-13,2042250000,2822.77
2000-12-12,1919030000,2931.77
2000-12-11,2447760000,3015.10
2000-12-08,2328650000,2917.43
2000-12-07,1756810000,2752.66
2000-12-06,2308280000,2796.50
2000-12-05,2474670000,2889.80
2000-12-04,1860480000,2615.75
2000-12-01,2221970000,2645.29
2000-11-30,2736270000,2597.93
2000-11-29,2055720000,2706.93
2000-11-28,1919970000,2734.98
2000-11-27,1706570000,2880.49
2000-11-24,1781600000,2904.38
2000-11-22,1885130000,2755.34
2000-11-21,1749380000,2871.45
2000-11-20,1716290000,2875.64
2000-11-17,1760850000,3027.19
2000-11-16,1523710000,3031.88
2000-11-15,1705940000,3165.49
2000-11-14,1785310000,3138.27
2000-11-13,2048330000,2966.72
2000-11-10,1779930000,3028.99
2000-11-09,1942770000,3200.35
2000-11-08,1678000000,3231.70
2000-11-07,1700120000,3415.79
2000-11-06,1608520000,3416.21
2000-11-03,1846200000,3451.58
2000-11-02,2226920000,3429.02
2000-11-01,2024380000,3333.39
2000-10-31,2146420000,3369.63
2000-10-30,1741440000,3191.40
2000-10-27,1963390000,3278.36