<?xml version="1.0" encoding="UTF-8"?>
<beans xmlns="http://www.springframework.org/schema/beans" xmlns:s="http://www.springframework.org/schema/security"
	xmlns:xsi="http://www.w3.org/2001/XMLSchema-instance"
	xsi:schemaLocation="http://www.springframework.org/schema/beans http://www.springframework.org/schema/beans/spring-beans.xsd
                        http://www.springframework.org/schema/security http://www.springframework.org/schema/security/spring-security.xsd"
	default-lazy-init="true">
	<description>SpringSecurity安全配置</description>
	<!-- http安全配置 -->
	<s:http auto-config="true" use-expressions="true">
		<s:intercept-url pattern="/scripts/**" filters="none" />
		<s:intercept-url pattern="/style/default/bgcorlor/**" filters="none" />
		<s:intercept-url pattern="/homepage/**" access="isAuthenticated()" />
		<s:intercept-url pattern="/main.jsp" access="isAuthenticated()" />
		<s:intercept-url pattern="/system/**" access="isAuthenticated()" />
		<s:intercept-url pattern="/archive/**" access="isAuthenticated()" />
		<s:intercept-url pattern="/tree/**" access="isAuthenticated()" />
		<s:intercept-url pattern="/autorm/**" access="isAuthenticated()" />
		<s:form-login login-page="/security/login" default-target-url="/homepage/main" authentication-failure-url="/security/login?error=1"/>
		<s:logout logout-success-url="/security/login?succ=1" />
		<s:session-management invalid-session-url="/security/login?error=4" session-authentication-error-url="/security/login?error=3">
			<s:concurrency-control max-sessions="1" error-if-maximum-exceeded="false" expired-url="/security/login?error=3" />
		</s:session-management>
		<!-- <s:custom-filter after="SECURITY_CONTEXT_FILTER" ref="autoLoginFilter" /> -->
	</s:http>
	<!-- 方法安全配置 -->
	<s:global-method-security secured-annotations="enabled" />
	<!-- 认证配置 -->
	<s:authentication-manager alias="authenticationManager">
		<s:authentication-provider user-service-ref="userDetailsService">
			<s:password-encoder hash="sha" />
		</s:authentication-provider>
	</s:authentication-manager>
	
	
	<!-- 项目实现的用户查询服务 -->
	<bean id="userDetailsService" class="org.pssframework.security.UserDetailsServiceImpl" />
	<!-- 开发时自动登录的filter -->
	<bean id="autoLoginFilter" class="org.pssframework.security.AutoLoginFilter">
		<property name="enabled" value="${security.autologin.enabled}" />
		<property name="defaultUserName" value="admin" />
	</bean>
	<!--JCaptcha验证码服务 -->
	<bean id="captchaService" class="com.octo.captcha.service.image.DefaultManageableImageCaptchaService">
		<property name="captchaEngine">
			<bean class="org.springside.modules.security.jcaptcha.GMailEngine" />
		</property>
		<!--默认生成的图片180秒过期 , 可另行设置 -->
		<property name="minGuarantedStorageDelayInSeconds" value="180" />
	</bean>
</beans>