<?xml version="1.0" encoding="UTF-8"?>
<!DOCTYPE configuration
PUBLIC "-//ibatis.apache.org//DTD Config 3.0//EN"
"http://ibatis.apache.org/dtd/ibatis-3-config.dtd">
<configuration>
	<plugins>
		<!-- 指定数据库分页方言Dialect, 其它方言:OracleDialect,SQLServerDialect,SybaseDialect,DB2Dialect,PostgreSQLDialect,MySQLDialect,DerbyDialect-->
		<plugin interceptor="cn.org.rapid_framework.ibatis3.plugin.OffsetLimitInterceptor">
			<property name="dialectClass" value="cn.org.rapid_framework.jdbc.dialect.OracleDialect"/>
		</plugin>
	</plugins>

	<!-- 数据源通过spring注入 -->
	<!-- 
	<environments default="development">
		<environment id="development">
			<transactionManager type="JDBC" />
			<dataSource type="POOLED">
				<property name="driver" value="com.mysql.jdbc.Driver" />
				<property name="url" value="jdbc:mysql://localhost:3306/test?useUnicode=true&amp;characterEncoding=UTF-8" />
				<property name="username" value="root" />
				<property name="password" value="123456" />
			</dataSource>
		</environment>
	</environments>
	 -->
	
	<!-- mapper文件的装载通过spring的mapperLocations指定 --> 
	<!-- 
	<mappers>
		<mapper resource="com/company/project/model/mapper/UserInfoMapper.xml" />
	</mappers>
	 -->
</configuration>